Cell_ID,Timestamp,RSRP,SINR,Latency,Throughput,Packet_Loss,Connected_Users
CELL_0522,2026-01-06 10:15:00,-92.4,12.4,26.4,118.2,2.15,178
CELL_0738,2026-01-08 16:15:00,-107.3,15.9,48.8,67.9,2.37,213
CELL_0741,2026-01-08 17:00:00,-114.6,19.5,24.0,11.8,2.18,253
CELL_0661,2026-01-07 21:00:00,-101.7,12.0,34.2,87.6,2.63,205
CELL_0412,2026-01-05 06:45:00,-103.1,16.6,26.5,56.5,0.55,177
CELL_0679,2026-01-08 01:30:00,-100.8,1.3,20.6,66.7,0.9,221
CELL_0627,2026-01-07 12:30:00,-93.5,12.6,34.8,57.0,0.94,90
CELL_0514,2026-01-06 08:15:00,-95.5,15.9,29.2,128.2,2.94,153
CELL_0860,2026-01-09 22:45:00,-111.4,13.9,37.5,60.0,0.94,191
CELL_0137,2026-01-02 10:00:00,-79.0,26.5,8.3,110.2,2.23,50
CELL_0812,2026-01-09 10:45:00,-107.1,13.1,38.1,63.4,0.46,291
CELL_0077,2026-01-01 19:00:00,-86.7,29.2,9.0,180.1,2.17,104
CELL_0637,2026-01-07 15:00:00,-96.4,17.5,30.3,73.1,1.55,134
CELL_0974,2026-01-11 03:15:00,-111.6,16.3,47.5,78.9,2.47,194
CELL_0939,2026-01-10 18:30:00,-99.7,14.2,32.8,41.9,4.08,224
CELL_0900,2026-01-10 08:45:00,-111.0,16.5,40.5,10.3,1.72,270
CELL_0281,2026-01-03 22:00:00,-75.3,24.2,9.7,162.4,0.67,28
CELL_0884,2026-01-10 04:45:00,-99.6,8.4,32.5,13.6,1.69,265
CELL_0762,2026-01-08 22:15:00,-108.2,20.0,20.3,16.2,0.89,222
CELL_0320,2026-01-04 07:45:00,-75.9,23.8,7.8,184.4,0.37,84
CELL_0550,2026-01-06 17:15:00,-102.5,17.1,25.8,93.7,2.74,112
CELL_0175,2026-01-02 19:30:00,-82.0,25.1,12.3,164.6,0.36,75
CELL_0372,2026-01-04 20:45:00,-103.1,15.1,22.2,97.3,1.42,213
CELL_0528,2026-01-06 11:45:00,-100.0,13.1,34.4,92.0,0.67,189
CELL_0211,2026-01-03 04:30:00,-72.6,23.0,11.5,154.1,1.14,46
CELL_0236,2026-01-03 10:45:00,-87.3,22.9,15.3,170.3,2.09,72
CELL_0102,2026-01-02 01:15:00,-73.9,25.5,9.4,160.5,2.11,120
CELL_0987,2026-01-11 06:30:00,-108.5,17.6,22.2,73.3,2.33,212
CELL_0903,2026-01-10 09:30:00,-110.2,16.2,36.3,54.7,0.2,279
CELL_0948,2026-01-10 20:45:00,-97.9,17.2,48.8,25.3,4.48,249
CELL_0347,2026-01-04 14:30:00,-96.1,17.3,29.3,101.3,1.98,181
CELL_0140,2026-01-02 10:45:00,-85.3,23.7,14.4,144.1,0.37,106
CELL_0622,2026-01-07 11:15:00,-94.3,16.5,28.1,124.7,0.1,99
CELL_0500,2026-01-06 04:45:00,-99.4,10.4,31.5,129.0,1.33,187
CELL_0371,2026-01-04 20:30:00,-103.2,12.2,34.8,54.6,2.83,147
CELL_0199,2026-01-03 01:30:00,-88.7,21.8,16.9,107.7,1.03,113
CELL_0688,2026-01-08 03:45:00,-95.5,13.5,45.6,40.6,3.81,249
CELL_0585,2026-01-07 02:00:00,-96.3,18.1,21.5,57.3,0.95,146
CELL_0902,2026-01-10 09:15:00,-100.8,10.7,28.0,10.2,3.47,226
CELL_0060,2026-01-01 14:45:00,-76.3,29.6,7.5,112.6,1.19,20
CELL_0329,2026-01-04 10:00:00,-85.1,25.4,11.4,125.9,1.91,62
CELL_0097,2026-01-02 00:00:00,-73.6,25.2,14.1,128.4,1.35,92
CELL_0313,2026-01-04 06:00:00,-87.1,27.5,18.2,198.1,0.94,29
CELL_0975,2026-01-11 03:30:00,-96.1,17.4,28.3,30.5,3.73,258
CELL_0300,2026-01-04 02:45:00,-82.9,23.5,15.6,138.1,0.49,92
CELL_0278,2026-01-03 21:15:00,-77.2,28.3,5.7,177.1,0.32,103
CELL_0925,2026-01-10 15:00:00,-114.1,15.9,25.1,50.6,2.23,283
CELL_0602,2026-01-07 06:15:00,-91.7,19.1,24.7,124.5,2.28,124
CELL_0440,2026-01-05 13:45:00,-102.2,11.8,21.3,121.4,2.96,204
CELL_0838,2026-01-09 17:15:00,-91.7,5.3,26.4,76.4,0.62,279
CELL_0571,2026-01-06 22:30:00,-94.3,12.7,32.5,113.3,2.54,168
CELL_0880,2026-01-10 03:45:00,-93.1,12.7,45.3,11.1,3.95,299
CELL_0262,2026-01-03 17:15:00,-74.4,29.1,7.9,175.8,2.03,57
CELL_0579,2026-01-07 00:30:00,-92.6,10.2,28.8,124.3,2.69,113
CELL_0024,2026-01-01 05:45:00,-82.4,28.8,15.4,198.0,1.67,58
CELL_0031,2026-01-01 07:30:00,-75.1,28.0,8.6,183.3,1.44,82
CELL_0618,2026-01-07 10:15:00,-91.5,17.8,25.3,106.2,2.74,116
CELL_0011,2026-01-01 02:30:00,-72.2,27.5,10.4,177.9,0.04,95
CELL_0222,2026-01-03 07:15:00,-72.4,21.8,16.8,197.8,1.51,47
CELL_0821,2026-01-09 13:00:00,-117.1,19.4,43.0,82.7,0.75,292
CELL_0297,2026-01-04 02:00:00,-80.3,25.6,17.9,116.5,1.58,70
CELL_0055,2026-01-01 13:30:00,-80.1,24.7,12.1,192.0,0.98,44
CELL_0543,2026-01-06 15:30:00,-101.5,16.6,24.4,54.8,2.1,83
CELL_0210,2026-01-03 04:15:00,-88.0,25.7,10.2,177.2,1.58,53
CELL_0605,2026-01-07 07:00:00,-103.1,12.9,33.9,94.7,2.95,125
CELL_0693,2026-01-08 05:00:00,-96.3,6.1,30.8,59.6,0.89,269
CELL_0663,2026-01-07 21:30:00,-93.3,15.0,28.5,123.5,2.46,106
CELL_0867,2026-01-10 00:30:00,-103.9,12.4,45.5,16.8,4.95,267
CELL_0071,2026-01-01 17:30:00,-70.8,25.8,10.6,167.8,0.48,112
CELL_0544,2026-01-06 15:45:00,-100.9,13.7,26.6,113.5,1.19,96
CELL_0108,2026-01-02 02:45:00,-79.4,24.9,5.9,174.7,2.2,70
CELL_0494,2026-01-06 03:15:00,-97.4,15.8,20.4,105.2,2.81,205
CELL_0591,2026-01-07 03:30:00,-101.0,15.0,21.3,100.8,0.4,167
CELL_0742,2026-01-08 17:15:00,-92.1,8.0,41.9,26.5,2.15,283
CELL_0293,2026-01-04 01:00:00,-72.3,29.2,12.9,192.0,1.21,24
CELL_0290,2026-01-04 00:15:00,-84.8,22.8,7.6,103.6,0.19,101
CELL_0653,2026-01-07 19:00:00,-103.3,12.2,32.5,122.3,0.73,190
CELL_0040,2026-01-01 09:45:00,-78.3,24.1,18.3,145.5,1.44,55
CELL_0590,2026-01-07 03:15:00,-100.9,14.1,20.7,78.8,2.11,86
CELL_0308,2026-01-04 04:45:00,-80.0,23.9,13.8,158.4,1.49,102
CELL_0680,2026-01-08 01:45:00,-112.0,16.9,34.2,31.8,1.31,268
CELL_0067,2026-01-01 16:30:00,-72.0,26.8,17.3,154.3,2.29,91
CELL_0276,2026-01-03 20:45:00,-83.1,22.9,6.2,184.6,0.35,119
CELL_0068,2026-01-01 16:45:00,-82.0,26.6,16.9,187.7,1.51,64
CELL_0319,2026-01-04 07:30:00,-86.9,24.4,18.9,126.1,0.13,106
CELL_0549,2026-01-06 17:00:00,-91.6,10.5,30.9,114.3,0.75,177
CELL_0999,2026-01-11 09:30:00,-116.6,11.3,48.8,41.9,0.96,204
CELL_0715,2026-01-08 10:30:00,-111.4,16.3,38.6,11.7,1.76,260
CELL_0754,2026-01-08 20:15:00,-93.5,13.3,20.5,83.9,4.66,181
CELL_0328,2026-01-04 09:45:00,-73.3,28.9,11.1,137.2,1.49,94
CELL_0383,2026-01-04 23:30:00,-95.1,10.4,31.6,54.0,1.95,177
CELL_0452,2026-01-05 16:45:00,-100.2,17.5,22.9,122.5,0.01,90
CELL_0523,2026-01-06 10:30:00,-98.1,18.0,26.4,69.9,0.6,172
CELL_0219,2026-01-03 06:30:00,-86.2,22.3,18.5,155.4,1.37,88
CELL_0788,2026-01-09 04:45:00,-93.4,10.5,27.3,11.7,4.88,269
CELL_0437,2026-01-05 13:00:00,-92.6,11.3,31.9,78.8,0.81,125
CELL_0765,2026-01-08 23:00:00,-95.5,3.1,25.3,15.9,1.72,236
CELL_0089,2026-01-01 22:00:00,-75.7,22.9,5.5,185.5,1.31,111
CELL_0064,2026-01-01 15:45:00,-84.5,24.9,14.4,108.9,0.02,61
CELL_0827,2026-01-09 14:30:00,-96.9,0.0,20.2,59.2,0.41,260
CELL_0717,2026-01-08 11:00:00,-107.0,11.4,45.0,19.3,2.71,205
CELL_0352,2026-01-04 15:45:00,-91.1,18.1,30.9,94.3,2.78,166
CELL_0937,2026-01-10 18:00:00,-103.3,18.0,20.4,48.3,4.99,212
CELL_0257,2026-01-03 16:00:00,-82.6,25.8,16.5,123.5,2.02,64
CELL_0636,2026-01-07 14:45:00,-97.3,12.5,22.6,86.5,1.96,133
CELL_0645,2026-01-07 17:00:00,-94.9,19.1,21.9,58.9,2.02,218
CELL_0555,2026-01-06 18:30:00,-94.8,19.5,27.6,84.1,0.74,144
CELL_0960,2026-01-10 23:45:00,-116.3,19.7,32.6,14.5,0.5,232
CELL_0169,2026-01-02 18:00:00,-86.6,22.4,18.3,163.4,2.39,33
CELL_0918,2026-01-10 13:15:00,-100.8,5.5,20.4,67.6,0.32,298
CELL_0529,2026-01-06 12:00:00,-94.7,15.8,28.0,76.7,2.31,215
CELL_0824,2026-01-09 13:45:00,-96.7,14.6,49.0,28.2,3.61,195
CELL_0986,2026-01-11 06:15:00,-96.6,13.6,44.9,11.7,3.81,293
CELL_0817,2026-01-09 12:00:00,-100.7,17.6,26.4,52.6,4.9,258
CELL_0087,2026-01-01 21:30:00,-81.4,27.5,17.1,171.1,2.35,29
CELL_0433,2026-01-05 12:00:00,-101.0,10.7,31.3,71.4,0.52,172
CELL_0185,2026-01-02 22:00:00,-85.9,29.6,6.9,164.7,2.2,50
CELL_0979,2026-01-11 04:30:00,-91.6,18.0,21.2,11.0,4.35,222
CELL_0535,2026-01-06 13:30:00,-98.9,18.6,29.5,107.0,1.27,154
CELL_0295,2026-01-04 01:30:00,-83.0,23.2,8.6,136.7,0.32,72
CELL_0893,2026-01-10 07:00:00,-97.7,19.7,35.0,30.0,5.0,231
CELL_0426,2026-01-05 10:15:00,-97.7,18.3,21.4,129.9,2.47,186
CELL_0714,2026-01-08 10:15:00,-92.9,18.4,24.2,42.0,4.15,231
CELL_0261,2026-01-03 17:00:00,-81.2,21.5,8.2,162.9,0.04,69
CELL_0238,2026-01-03 11:15:00,-77.8,23.4,7.3,153.6,1.3,90
CELL_0560,2026-01-06 19:45:00,-101.7,18.9,32.7,124.0,1.81,93
CELL_0584,2026-01-07 01:45:00,-96.8,14.9,27.4,97.1,2.43,99
CELL_0446,2026-01-05 15:15:00,-97.0,14.2,27.0,58.3,1.93,165
CELL_0868,2026-01-10 00:45:00,-101.4,16.8,28.8,61.2,4.51,279
CELL_0801,2026-01-09 08:00:00,-101.0,7.8,47.8,67.5,1.34,251
CELL_0600,2026-01-07 05:45:00,-95.8,10.2,23.8,64.8,0.2,170
CELL_0850,2026-01-09 20:15:00,-95.3,9.0,38.2,84.3,1.64,249
CELL_0266,2026-01-03 18:15:00,-74.3,28.3,15.4,146.6,0.68,67
CELL_0996,2026-01-11 08:45:00,-91.6,0.5,44.9,82.5,0.37,276
CELL_0530,2026-01-06 12:15:00,-93.4,18.3,33.8,109.7,1.02,88
CELL_0056,2026-01-01 13:45:00,-81.6,29.9,12.0,104.3,0.35,113
CELL_0121,2026-01-02 06:00:00,-82.7,24.1,9.7,118.5,0.07,70
CELL_0216,2026-01-03 05:45:00,-72.0,29.8,17.4,122.6,2.14,66
CELL_0026,2026-01-01 06:15:00,-86.4,25.5,12.6,136.9,2.23,63
CELL_0073,2026-01-01 18:00:00,-81.6,23.3,5.4,191.4,1.56,40
CELL_0045,2026-01-01 11:00:00,-72.4,23.6,18.9,135.8,0.11,21
CELL_0248,2026-01-03 13:45:00,-83.6,25.9,17.0,187.9,0.56,61
CELL_0722,2026-01-08 12:15:00,-97.9,3.3,43.6,73.6,0.44,249
CELL_0282,2026-01-03 22:15:00,-88.7,24.8,5.7,166.9,0.63,40
CELL_0894,2026-01-10 07:15:00,-98.3,12.5,34.5,73.4,4.52,237
CELL_0915,2026-01-10 12:30:00,-108.1,16.8,29.7,62.2,1.03,238
CELL_0811,2026-01-09 10:30:00,-98.8,5.2,20.1,41.8,0.12,234
CELL_0245,2026-01-03 13:00:00,-82.1,24.2,9.5,155.0,0.91,96
CELL_0823,2026-01-09 13:30:00,-113.7,16.4,41.3,23.6,0.61,255
CELL_0322,2026-01-04 08:15:00,-82.9,22.0,6.7,137.0,2.27,29
CELL_0644,2026-01-07 16:45:00,-96.6,12.1,28.6,75.6,2.29,149
CELL_0159,2026-01-02 15:30:00,-81.4,25.3,10.3,141.9,2.43,108
CELL_0978,2026-01-11 04:15:00,-99.4,12.7,32.6,73.2,3.66,198
CELL_0430,2026-01-05 11:15:00,-100.5,14.9,25.5,89.9,1.9,153
CELL_0942,2026-01-10 19:15:00,-112.1,15.3,39.3,11.4,1.16,281
CELL_0463,2026-01-05 19:30:00,-94.3,19.4,34.5,99.3,1.42,83
CELL_0310,2026-01-04 05:15:00,-81.2,27.6,8.7,117.7,0.93,54
CELL_0698,2026-01-08 06:15:00,-116.8,11.3,30.1,51.0,2.2,184
CELL_0061,2026-01-01 15:00:00,-85.9,28.1,9.6,109.8,0.55,75
CELL_0885,2026-01-10 05:00:00,-100.8,5.0,33.8,15.8,0.66,193
CELL_0596,2026-01-07 04:45:00,-103.1,10.7,29.7,81.6,2.28,152
CELL_0768,2026-01-08 23:45:00,-95.1,6.0,42.5,12.6,0.45,199
CELL_0650,2026-01-07 18:15:00,-94.1,18.1,31.0,116.8,1.7,100
CELL_0651,2026-01-07 18:30:00,-97.9,16.9,24.4,67.1,0.5,183
CELL_0866,2026-01-10 00:15:00,-95.8,5.3,32.0,30.3,2.75,192
CELL_0669,2026-01-07 23:00:00,-92.3,6.1,24.8,59.4,0.98,200
CELL_0299,2026-01-04 02:30:00,-74.1,24.4,13.6,188.4,2.23,89
CELL_0690,2026-01-08 04:15:00,-117.8,17.5,28.1,10.6,2.07,272
CELL_0315,2026-01-04 06:30:00,-80.2,28.9,15.5,173.8,2.46,74
CELL_0311,2026-01-04 05:30:00,-83.8,27.3,18.7,122.6,0.21,81
CELL_0362,2026-01-04 18:15:00,-96.1,19.9,31.4,71.2,0.51,137
CELL_0480,2026-01-05 23:45:00,-102.7,17.6,31.3,59.8,2.9,111
CELL_0111,2026-01-02 03:30:00,-70.6,25.9,14.4,156.2,1.82,95
CELL_0990,2026-01-11 07:15:00,-99.2,12.7,37.5,51.2,4.68,250
CELL_0487,2026-01-06 01:30:00,-98.0,14.3,24.5,95.0,2.21,177
CELL_0364,2026-01-04 18:45:00,-93.9,13.8,32.0,53.6,2.38,211
CELL_0255,2026-01-03 15:30:00,-79.2,29.1,5.8,121.4,0.4,25
CELL_0260,2026-01-03 16:45:00,-77.3,24.2,14.5,175.4,1.1,87
CELL_0803,2026-01-09 08:30:00,-101.9,1.4,39.2,34.0,1.53,213
CELL_0678,2026-01-08 01:15:00,-93.9,16.0,29.5,67.0,3.27,204
CELL_0495,2026-01-06 03:30:00,-95.9,15.3,30.8,104.7,2.36,96
CELL_0671,2026-01-07 23:30:00,-114.2,19.1,21.1,59.4,0.69,289
CELL_0378,2026-01-04 22:15:00,-94.4,17.4,22.8,54.3,0.95,119
CELL_0527,2026-01-06 11:30:00,-99.5,12.6,31.8,96.2,0.68,84
CELL_0846,2026-01-09 19:15:00,-102.6,17.2,28.5,40.8,3.31,253
CELL_0138,2026-01-02 10:15:00,-76.2,22.5,15.7,158.2,1.84,22
CELL_0356,2026-01-04 16:45:00,-95.4,17.9,23.9,128.6,0.06,198
CELL_0366,2026-01-04 19:15:00,-92.5,12.4,22.3,90.3,2.38,185
CELL_0943,2026-01-10 19:30:00,-95.5,2.3,43.4,84.9,0.45,268
CELL_0750,2026-01-08 19:15:00,-100.9,19.4,26.1,64.8,3.32,262
CELL_0949,2026-01-10 21:00:00,-96.7,5.9,41.2,61.7,1.15,275
CELL_0830,2026-01-09 15:15:00,-110.9,17.6,26.2,65.5,2.14,229
CELL_0657,2026-01-07 20:00:00,-100.9,18.7,25.7,73.9,2.01,111
CELL_0200,2026-01-03 01:45:00,-73.8,25.2,6.7,146.5,0.34,99
CELL_0214,2026-01-03 05:15:00,-74.7,21.1,12.1,100.8,1.79,76
CELL_0409,2026-01-05 06:00:00,-103.9,19.0,33.9,91.1,2.04,137
CELL_0333,2026-01-04 11:00:00,-79.6,23.0,15.8,187.1,0.84,94
CELL_0209,2026-01-03 04:00:00,-71.4,24.9,6.1,191.5,2.19,115
CELL_0614,2026-01-07 09:15:00,-98.8,13.6,31.7,116.9,0.67,217
CELL_0079,2026-01-01 19:30:00,-80.6,24.5,18.0,189.5,2.36,43
CELL_0030,2026-01-01 07:15:00,-86.5,29.0,18.1,113.5,2.25,83
CELL_0536,2026-01-06 13:45:00,-97.2,19.3,24.3,67.0,0.39,85
CELL_0696,2026-01-08 05:45:00,-109.3,12.4,45.5,39.6,1.85,237
CELL_0558,2026-01-06 19:15:00,-93.3,15.7,29.6,123.5,2.6,135
CELL_0837,2026-01-09 17:00:00,-118.2,11.1,50.0,38.8,2.32,242
CELL_0597,2026-01-07 05:00:00,-101.5,15.8,25.1,61.6,2.71,161
CELL_0166,2026-01-02 17:15:00,-76.9,22.7,16.2,180.6,1.62,86
CELL_0919,2026-01-10 13:30:00,-103.9,0.1,49.6,56.3,1.9,210
CELL_0496,2026-01-06 03:45:00,-96.8,13.0,32.6,114.2,1.33,215
CELL_0825,2026-01-09 14:00:00,-96.3,7.3,21.3,32.8,1.47,191
CELL_0066,2026-01-01 16:15:00,-71.4,23.6,6.8,179.3,1.96,97
CELL_0142,2026-01-02 11:15:00,-86.7,23.7,7.5,101.6,1.8,100
CELL_0926,2026-01-10 15:15:00,-107.6,16.8,49.4,87.2,1.85,189
CELL_0828,2026-01-09 14:45:00,-113.0,11.4,31.2,87.3,0.03,258
CELL_0656,2026-01-07 19:45:00,-102.4,18.1,34.5,123.8,2.82,113
CELL_0332,2026-01-04 10:45:00,-86.4,23.2,11.7,159.1,1.21,53
CELL_0665,2026-01-07 22:00:00,-93.9,15.3,34.1,50.5,1.38,106
CELL_0250,2026-01-03 14:15:00,-79.6,28.7,13.2,164.5,2.24,90
CELL_0908,2026-01-10 10:45:00,-108.8,12.4,40.4,79.6,2.41,213
CELL_0709,2026-01-08 09:00:00,-91.6,3.1,36.7,52.0,2.03,183
CELL_0306,2026-01-04 04:15:00,-81.1,21.8,13.7,196.8,0.41,37
CELL_0735,2026-01-08 15:30:00,-99.2,5.6,45.4,66.1,1.14,221
CELL_0976,2026-01-11 03:45:00,-110.8,17.0,39.5,61.9,1.81,290
CELL_0050,2026-01-01 12:15:00,-74.5,24.9,10.0,149.3,0.49,47
CELL_0897,2026-01-10 08:00:00,-97.7,17.0,33.8,65.1,4.04,218
CELL_0003,2026-01-01 00:30:00,-82.7,23.2,5.0,143.6,0.22,96
CELL_0545,2026-01-06 16:00:00,-92.5,17.5,20.0,85.7,2.34,105
CELL_0351,2026-01-04 15:30:00,-102.3,18.4,25.3,97.5,2.39,212
CELL_0905,2026-01-10 10:00:00,-94.1,13.2,41.5,57.3,3.62,232
CELL_0537,2026-01-06 14:00:00,-102.2,14.8,23.5,103.9,2.87,145
CELL_0345,2026-01-04 14:00:00,-98.6,18.0,31.4,125.8,0.74,106
CELL_0995,2026-01-11 08:30:00,-118.9,17.7,37.4,17.2,0.66,234
CELL_0482,2026-01-06 00:15:00,-97.5,15.0,23.2,121.8,2.65,123
CELL_0576,2026-01-06 23:45:00,-101.3,15.0,26.6,109.5,0.01,124
CELL_0034,2026-01-01 08:15:00,-75.9,24.2,11.5,195.8,2.14,60
CELL_0032,2026-01-01 07:45:00,-82.5,29.2,16.8,192.5,1.52,20
CELL_0232,2026-01-03 09:45:00,-81.2,27.8,15.5,118.7,0.26,59
CELL_0964,2026-01-11 00:45:00,-93.9,18.2,20.6,22.3,4.36,261
CELL_0193,2026-01-03 00:00:00,-87.5,27.0,12.3,179.3,0.99,67
CELL_0334,2026-01-04 11:15:00,-74.7,28.1,8.7,184.0,0.3,93
CELL_0004,2026-01-01 00:45:00,-81.8,21.1,15.2,110.2,0.11,105
CELL_0205,2026-01-03 03:00:00,-75.6,23.5,17.3,159.1,1.83,112
CELL_0515,2026-01-06 08:30:00,-91.2,15.7,22.1,70.5,2.56,125
CELL_0800,2026-01-09 07:45:00,-110.0,18.5,25.2,24.8,2.7,226
CELL_0307,2026-01-04 04:30:00,-78.1,30.0,11.6,169.4,1.95,20
CELL_0110,2026-01-02 03:15:00,-80.2,22.0,15.0,135.3,0.8,50
CELL_0431,2026-01-05 11:30:00,-91.1,19.1,22.2,96.3,1.44,155
CELL_0078,2026-01-01 19:15:00,-83.1,29.6,5.1,183.9,1.55,118
CELL_0085,2026-01-01 21:00:00,-80.9,25.5,10.9,186.6,2.0,39
CELL_0287,2026-01-03 23:30:00,-88.2,26.8,5.9,112.5,0.56,78
CELL_0083,2026-01-01 20:30:00,-88.0,27.1,15.0,187.5,0.78,90
CELL_0992,2026-01-11 07:45:00,-106.1,14.2,21.1,15.6,2.81,224
CELL_0790,2026-01-09 05:15:00,-108.5,11.3,47.4,61.5,1.36,181
CELL_0895,2026-01-10 07:30:00,-99.8,17.3,39.9,34.5,3.12,197
CELL_0399,2026-01-05 03:30:00,-94.7,19.5,20.7,105.0,0.09,97
CELL_0324,2026-01-04 08:45:00,-83.9,28.8,7.7,107.2,1.24,31
CELL_0520,2026-01-06 09:45:00,-91.9,11.4,32.2,98.8,1.34,106
CELL_0917,2026-01-10 13:00:00,-116.4,16.3,40.3,89.6,0.19,291
CELL_0923,2026-01-10 14:30:00,-106.6,12.4,37.2,23.2,2.7,213
CELL_0006,2026-01-01 01:15:00,-80.1,21.3,9.3,152.2,1.21,97
CELL_0732,2026-01-08 14:45:00,-114.9,11.8,44.1,61.9,2.64,280
CELL_0466,2026-01-05 20:15:00,-91.4,12.0,32.7,56.0,0.16,157
CELL_0098,2026-01-02 00:15:00,-70.0,26.9,18.6,119.9,0.1,26
CELL_0267,2026-01-03 18:30:00,-83.0,25.4,12.9,107.6,0.86,23
CELL_0358,2026-01-04 17:15:00,-97.2,14.3,22.8,53.7,0.4,136
CELL_0869,2026-01-10 01:00:00,-94.9,6.5,49.7,79.9,1.31,237
CELL_0799,2026-01-09 07:30:00,-91.4,1.9,22.9,73.2,0.01,252
CELL_0381,2026-01-04 23:00:00,-93.5,11.5,25.1,117.2,0.17,134
CELL_0632,2026-01-07 13:45:00,-96.0,14.6,31.4,62.5,1.15,173
CELL_0382,2026-01-04 23:15:00,-99.9,16.4,24.7,113.4,1.64,81
CELL_0491,2026-01-06 02:30:00,-91.1,13.6,29.3,125.6,1.59,206
CELL_0119,2026-01-02 05:30:00,-73.5,26.9,11.3,173.0,2.37,111
CELL_0901,2026-01-10 09:00:00,-100.3,1.6,45.9,11.5,0.49,180
CELL_0251,2026-01-03 14:30:00,-86.3,28.8,18.4,191.4,0.17,56
CELL_0524,2026-01-06 10:45:00,-94.0,11.1,25.3,111.3,2.61,172
CELL_0010,2026-01-01 02:15:00,-73.4,29.2,14.2,117.0,0.84,70
CELL_0197,2026-01-03 01:00:00,-85.1,24.1,17.7,112.9,1.75,92
CELL_0604,2026-01-07 06:45:00,-99.3,12.8,32.9,77.3,2.8,88
CELL_0082,2026-01-01 20:15:00,-73.3,21.6,5.3,179.1,0.98,92
CELL_0784,2026-01-09 03:45:00,-92.3,16.2,37.0,20.4,3.34,180
CELL_0588,2026-01-07 02:45:00,-93.9,13.7,24.0,118.1,2.75,81
CELL_0798,2026-01-09 07:15:00,-103.7,13.8,30.9,32.0,3.66,203
CELL_0240,2026-01-03 11:45:00,-75.1,29.5,17.7,154.1,0.11,85
CELL_0291,2026-01-04 00:30:00,-82.0,28.1,8.4,169.6,1.65,116
CELL_0212,2026-01-03 04:45:00,-84.9,27.1,12.2,168.5,0.33,43
CELL_0718,2026-01-08 11:15:00,-108.3,11.4,31.2,22.3,0.86,268
CELL_0360,2026-01-04 17:45:00,-101.1,15.8,23.5,99.7,2.44,210
CELL_0450,2026-01-05 16:15:00,-91.1,14.3,28.9,63.8,2.63,110
CELL_0228,2026-01-03 08:45:00,-81.2,27.9,15.6,182.1,1.49,116
CELL_0951,2026-01-10 21:30:00,-110.9,15.5,44.0,15.7,0.86,252
CELL_0947,2026-01-10 20:30:00,-115.5,15.6,23.5,34.4,0.66,268
CELL_0797,2026-01-09 07:00:00,-94.1,6.8,45.8,62.3,1.6,288
CELL_0502,2026-01-06 05:15:00,-94.2,19.3,25.8,88.2,2.13,184
CELL_0465,2026-01-05 20:00:00,-92.1,12.5,24.3,66.6,1.24,92
CELL_0363,2026-01-04 18:30:00,-92.5,14.2,23.2,104.8,0.09,174
CELL_0469,2026-01-05 21:00:00,-94.1,16.4,31.6,85.0,0.55,122
CELL_0936,2026-01-10 17:45:00,-96.7,12.7,27.4,12.9,3.79,260
CELL_0429,2026-01-05 11:00:00,-96.3,16.7,30.1,65.3,1.73,220
CELL_0008,2026-01-01 01:45:00,-79.3,27.2,13.9,166.7,2.23,82
CELL_0156,2026-01-02 14:45:00,-77.4,29.7,5.1,146.6,1.14,105
CELL_0542,2026-01-06 15:15:00,-96.5,11.2,30.9,121.4,2.8,106
CELL_0441,2026-01-05 14:00:00,-95.0,19.0,30.7,57.0,2.33,188
CELL_0483,2026-01-06 00:30:00,-98.2,11.7,23.6,62.5,1.87,135
CELL_0423,2026-01-05 09:30:00,-103.9,13.9,30.1,71.4,2.39,145
CELL_0779,2026-01-09 02:30:00,-102.0,13.1,47.8,42.7,4.74,278
CELL_0950,2026-01-10 21:15:00,-93.9,7.3,44.7,70.0,1.42,299
CELL_0335,2026-01-04 11:30:00,-92.8,15.3,23.5,96.4,0.54,138
CELL_0577,2026-01-07 00:00:00,-91.8,10.8,31.1,121.8,1.02,204
CELL_0935,2026-01-10 17:30:00,-108.4,10.8,31.1,57.6,1.06,257
CELL_0568,2026-01-06 21:45:00,-104.0,17.1,29.3,119.8,1.09,166
CELL_0595,2026-01-07 04:30:00,-93.8,19.4,23.7,91.7,0.47,89
CELL_0531,2026-01-06 12:30:00,-93.4,18.0,21.5,95.7,0.42,110
CELL_0582,2026-01-07 01:15:00,-102.2,12.4,31.5,74.1,2.98,170
CELL_0708,2026-01-08 08:45:00,-93.9,19.8,39.8,73.5,3.15,251
CELL_0449,2026-01-05 16:00:00,-102.5,18.3,31.2,101.9,1.23,109
CELL_0454,2026-01-05 17:15:00,-95.7,18.1,34.9,95.9,1.67,196
CELL_0229,2026-01-03 09:00:00,-71.1,25.3,8.1,185.5,0.3,90
CELL_0353,2026-01-04 16:00:00,-91.8,17.2,20.7,59.4,1.99,82
CELL_0729,2026-01-08 14:00:00,-114.6,19.0,27.4,64.9,1.44,272
CELL_0213,2026-01-03 05:00:00,-83.6,24.6,16.5,141.8,1.82,77
CELL_0080,2026-01-01 19:45:00,-73.4,22.2,5.0,121.0,2.29,73
CELL_0149,2026-01-02 13:00:00,-79.9,24.2,16.9,123.1,0.9,109
CELL_0303,2026-01-04 03:30:00,-83.3,28.0,6.4,161.7,2.17,117
CELL_0629,2026-01-07 13:00:00,-102.3,15.6,20.7,56.3,2.67,148
CELL_0778,2026-01-09 02:15:00,-92.7,1.1,47.9,32.8,0.13,186
CELL_0507,2026-01-06 06:30:00,-96.5,13.3,20.9,123.4,1.71,164
CELL_0343,2026-01-04 13:30:00,-93.1,14.3,25.2,62.3,0.23,156
CELL_0486,2026-01-06 01:15:00,-99.7,18.0,24.1,106.1,1.25,114
CELL_0712,2026-01-08 09:45:00,-100.2,19.7,37.5,20.5,4.61,214
CELL_0134,2026-01-02 09:15:00,-74.7,23.8,17.9,119.2,1.12,43
CELL_0704,2026-01-08 07:45:00,-100.3,3.6,47.8,37.5,1.91,267
CELL_0312,2026-01-04 05:45:00,-75.7,29.5,7.0,105.6,1.0,82
CELL_0723,2026-01-08 12:30:00,-95.8,5.1,25.3,67.0,1.54,260
CELL_0630,2026-01-07 13:15:00,-98.5,14.0,32.5,124.6,1.92,120
CELL_0001,2026-01-01 00:00:00,-88.0,21.8,10.7,110.8,2.25,24
CELL_0317,2026-01-04 07:00:00,-83.5,22.1,11.2,150.3,1.3,58
CELL_0707,2026-01-08 08:30:00,-119.3,12.6,45.9,32.2,0.16,190
CELL_0548,2026-01-06 16:45:00,-93.3,17.4,20.4,93.1,0.76,159
CELL_0873,2026-01-10 02:00:00,-92.0,13.9,24.7,55.6,4.72,188
CELL_0533,2026-01-06 13:00:00,-99.2,19.6,34.9,58.7,1.18,131
CELL_0478,2026-01-05 23:15:00,-100.9,14.4,21.0,107.5,1.32,217
CELL_0405,2026-01-05 05:00:00,-98.3,17.0,22.5,90.5,0.46,105
CELL_0173,2026-01-02 19:00:00,-84.3,26.3,9.3,158.9,0.7,81
CELL_0126,2026-01-02 07:15:00,-80.2,29.2,11.1,191.4,0.2,70
CELL_0395,2026-01-05 02:30:00,-102.4,14.5,32.0,50.4,0.45,157
CELL_0421,2026-01-05 09:00:00,-95.6,13.3,27.0,123.9,1.64,137
CELL_0553,2026-01-06 18:00:00,-94.4,19.3,26.7,51.2,2.52,153
CELL_0904,2026-01-10 09:45:00,-97.4,12.9,48.5,74.4,4.52,253
CELL_0091,2026-01-01 22:30:00,-85.5,26.9,18.6,165.8,0.26,25
CELL_0940,2026-01-10 18:45:00,-102.2,9.0,39.8,36.1,2.76,246
CELL_0182,2026-01-02 21:15:00,-85.6,26.2,7.4,122.5,1.34,94
CELL_0275,2026-01-03 20:30:00,-82.2,29.0,12.2,119.2,1.54,83
CELL_0896,2026-01-10 07:45:00,-96.1,0.9,31.7,78.7,1.84,247
CELL_0070,2026-01-01 17:15:00,-87.5,27.5,13.5,144.5,0.26,96
CELL_0292,2026-01-04 00:45:00,-81.8,24.7,9.7,103.7,1.76,101
CELL_0132,2026-01-02 08:45:00,-77.8,22.3,18.5,130.4,0.39,78
CELL_0301,2026-01-04 03:00:00,-86.0,26.6,15.3,118.5,1.7,60
CELL_0425,2026-01-05 10:00:00,-102.5,12.2,21.5,111.0,1.05,143
CELL_0327,2026-01-04 09:30:00,-83.6,22.3,17.1,142.3,1.73,74
CELL_0145,2026-01-02 12:00:00,-84.5,22.4,7.9,119.0,1.65,31
CELL_0424,2026-01-05 09:45:00,-94.9,15.9,34.7,52.2,0.13,132
CELL_0581,2026-01-07 01:00:00,-99.5,15.5,20.0,50.1,1.66,175
CELL_0136,2026-01-02 09:45:00,-88.2,22.9,7.4,146.2,0.43,91
CELL_0451,2026-01-05 16:30:00,-99.0,11.0,29.8,55.1,1.25,197
CELL_0165,2026-01-02 17:00:00,-70.8,21.7,12.5,148.0,1.57,57
CELL_0029,2026-01-01 07:00:00,-85.3,26.1,6.2,131.7,0.85,88
CELL_0774,2026-01-09 01:15:00,-93.5,13.8,36.8,38.2,4.88,286
CELL_0194,2026-01-03 00:15:00,-72.8,29.2,17.0,120.9,1.09,24
CELL_0389,2026-01-05 01:00:00,-96.1,12.7,27.6,122.9,0.45,188
CELL_0853,2026-01-09 21:00:00,-97.0,19.7,49.1,16.2,4.48,274
CELL_0170,2026-01-02 18:15:00,-77.3,28.7,15.0,102.1,1.54,92
CELL_0706,2026-01-08 08:15:00,-119.9,16.4,26.7,70.4,0.28,200
CELL_0141,2026-01-02 11:00:00,-77.8,29.5,7.8,152.9,0.58,115
CELL_0174,2026-01-02 19:15:00,-77.9,27.9,8.6,162.6,0.92,94
CELL_0007,2026-01-01 01:30:00,-76.9,26.1,18.4,101.3,2.23,102
CELL_0746,2026-01-08 18:15:00,-99.9,11.5,28.9,73.3,3.52,191
CELL_0479,2026-01-05 23:30:00,-101.7,13.8,25.3,51.5,2.22,147
CELL_0074,2026-01-01 18:15:00,-74.2,24.3,6.4,200.0,1.51,54
CELL_0911,2026-01-10 11:30:00,-116.5,15.7,20.1,51.8,1.69,242
CELL_0814,2026-01-09 11:15:00,-92.6,17.9,27.3,76.7,4.24,220
CELL_0239,2026-01-03 11:30:00,-88.3,23.6,10.4,165.4,1.35,65
CELL_0146,2026-01-02 12:15:00,-81.2,23.7,11.8,118.6,0.81,29
CELL_0793,2026-01-09 06:00:00,-95.4,8.4,33.5,75.5,0.34,206
CELL_0235,2026-01-03 10:30:00,-81.6,29.7,15.9,194.2,2.29,106
CELL_0221,2026-01-03 07:00:00,-73.4,29.7,16.7,151.2,0.45,73
CELL_0924,2026-01-10 14:45:00,-108.7,15.9,38.5,33.0,1.36,290
CELL_0501,2026-01-06 05:00:00,-93.7,10.2,32.3,124.8,0.38,116
CELL_0133,2026-01-02 09:00:00,-83.9,23.1,16.4,129.7,1.47,26
CELL_0991,2026-01-11 07:30:00,-95.3,13.4,24.2,78.0,4.15,295
CELL_0775,2026-01-09 01:30:00,-92.7,19.5,50.0,85.7,3.76,255
CELL_0186,2026-01-02 22:15:00,-85.4,23.2,5.3,107.0,0.54,62
CELL_0042,2026-01-01 10:15:00,-79.9,21.4,19.0,114.2,2.18,48
CELL_0697,2026-01-08 06:00:00,-98.6,16.2,45.9,34.2,4.3,241
CELL_0109,2026-01-02 03:00:00,-82.9,26.7,17.1,169.7,2.45,76
CELL_0589,2026-01-07 03:00:00,-95.3,17.8,28.1,115.5,0.79,180
CELL_0057,2026-01-01 14:00:00,-75.3,22.0,6.7,192.6,0.88,98
CELL_0406,2026-01-05 05:15:00,-91.2,10.2,33.6,105.7,2.64,100
CELL_0443,2026-01-05 14:30:00,-94.1,19.2,23.9,96.8,2.26,131
CELL_0758,2026-01-08 21:15:00,-113.3,19.2,27.2,75.0,1.09,212
CELL_0998,2026-01-11 09:15:00,-92.8,3.8,26.9,45.0,0.95,247
CELL_0025,2026-01-01 06:00:00,-80.8,28.0,7.2,132.5,1.29,91
CELL_0468,2026-01-05 20:45:00,-92.4,18.5,30.2,112.7,1.72,80
CELL_0540,2026-01-06 14:45:00,-103.5,12.9,27.4,60.6,0.79,129
CELL_0532,2026-01-06 12:45:00,-103.0,13.1,29.1,105.7,0.06,146
CELL_0619,2026-01-07 10:30:00,-91.6,17.3,34.0,79.0,1.35,142
CELL_0695,2026-01-08 05:30:00,-103.0,15.3,45.8,33.0,3.51,201
CELL_0927,2026-01-10 15:30:00,-102.0,4.8,43.5,37.4,2.75,266
CELL_0339,2026-01-04 12:30:00,-95.8,13.7,27.5,96.2,0.83,116
CELL_0052,2026-01-01 12:45:00,-88.8,26.9,12.7,104.2,2.35,113
CELL_0508,2026-01-06 06:45:00,-96.9,18.5,32.6,67.6,2.46,152
CELL_0517,2026-01-06 09:00:00,-93.4,19.3,32.5,109.6,2.75,216
CELL_0921,2026-01-10 14:00:00,-95.6,14.6,28.6,87.3,3.21,247
CELL_0782,2026-01-09 03:15:00,-96.0,4.4,44.6,78.3,1.1,187
CELL_0265,2026-01-03 18:00:00,-79.5,24.4,9.9,135.4,1.6,116
CELL_0818,2026-01-09 12:15:00,-106.1,15.7,41.9,68.1,1.74,233
CELL_0711,2026-01-08 09:30:00,-114.7,14.6,35.7,66.1,1.53,300
CELL_0683,2026-01-08 02:30:00,-91.2,3.9,31.7,74.9,2.14,266
CELL_0833,2026-01-09 16:00:00,-99.2,14.0,28.8,89.4,3.29,201
CELL_0519,2026-01-06 09:30:00,-92.8,19.6,33.8,67.1,1.79,195
CELL_0448,2026-01-05 15:45:00,-93.9,15.2,31.9,62.4,0.68,96
CELL_0019,2026-01-01 04:30:00,-74.7,24.0,9.9,163.9,2.42,73
CELL_0716,2026-01-08 10:45:00,-93.6,13.6,33.9,33.5,3.63,220
CELL_0484,2026-01-06 00:45:00,-98.5,11.2,23.3,129.7,1.4,120
CELL_0569,2026-01-06 22:00:00,-93.8,14.4,22.8,81.2,2.49,196
CELL_0434,2026-01-05 12:15:00,-98.7,13.0,28.2,75.8,2.21,214
CELL_0368,2026-01-04 19:45:00,-92.4,13.2,32.1,60.5,2.83,152
CELL_0084,2026-01-01 20:45:00,-74.1,24.0,5.3,114.5,0.71,45
CELL_0062,2026-01-01 15:15:00,-71.2,27.0,5.8,115.2,1.15,31
CELL_0639,2026-01-07 15:30:00,-95.3,18.9,32.8,116.2,2.8,87
CELL_0273,2026-01-03 20:00:00,-88.1,21.8,12.2,132.6,2.24,101
CELL_0286,2026-01-03 23:15:00,-88.0,28.0,10.2,101.8,2.0,78
CELL_0361,2026-01-04 18:00:00,-95.6,10.5,23.2,88.4,2.95,108
CELL_0355,2026-01-04 16:30:00,-98.2,17.8,22.7,97.3,2.41,150
CELL_0457,2026-01-05 18:00:00,-96.7,14.5,27.4,54.8,1.79,128
CELL_0279,2026-01-03 21:30:00,-71.3,26.6,17.7,132.0,0.29,26
CELL_0013,2026-01-01 03:00:00,-79.5,28.4,5.8,128.8,1.24,117
CELL_0183,2026-01-02 21:30:00,-77.9,21.3,15.6,163.9,1.94,120
CELL_0369,2026-01-04 20:00:00,-91.9,17.4,26.4,51.8,1.33,116
CELL_0882,2026-01-10 04:15:00,-110.9,15.2,39.0,20.8,0.68,297
CELL_0616,2026-01-07 09:45:00,-99.4,17.3,22.5,86.4,0.76,196
CELL_0224,2026-01-03 07:45:00,-85.5,22.8,9.1,117.8,0.05,37
CELL_0573,2026-01-06 23:00:00,-94.2,15.4,34.4,124.1,0.33,104
CELL_0971,2026-01-11 02:30:00,-108.7,17.6,29.6,34.2,0.24,266
CELL_0654,2026-01-07 19:15:00,-103.1,13.5,32.3,114.7,2.55,128
CELL_0546,2026-01-06 16:15:00,-99.8,17.2,25.0,94.3,2.01,123
CELL_0583,2026-01-07 01:30:00,-96.9,16.8,20.8,51.0,1.43,149
CELL_0634,2026-01-07 14:15:00,-98.3,14.1,20.6,100.6,1.14,200
CELL_0177,2026-01-02 20:00:00,-88.5,26.9,7.4,161.4,0.66,75
CELL_0666,2026-01-07 22:15:00,-101.7,13.6,27.2,112.8,0.61,137
CELL_0674,2026-01-08 00:15:00,-102.0,17.1,36.9,85.3,3.15,295
CELL_0586,2026-01-07 02:15:00,-91.6,17.8,20.6,57.5,0.45,94
CELL_0874,2026-01-10 02:15:00,-114.4,10.2,24.4,56.4,0.37,229
CELL_0394,2026-01-05 02:15:00,-98.8,15.2,24.6,98.3,2.72,122
CELL_0164,2026-01-02 16:45:00,-71.7,24.4,16.8,194.8,0.56,108
CELL_0249,2026-01-03 14:00:00,-75.9,27.9,9.9,173.5,1.75,117
CELL_0635,2026-01-07 14:30:00,-99.3,18.3,24.2,101.7,1.56,136
CELL_0886,2026-01-10 05:15:00,-112.3,17.3,49.2,73.8,0.28,292
CELL_0670,2026-01-07 23:15:00,-94.4,16.8,25.0,22.5,4.97,295
CELL_0376,2026-01-04 21:45:00,-98.7,16.2,22.9,93.1,2.16,95
CELL_0413,2026-01-05 07:00:00,-91.0,16.2,33.4,129.3,1.49,149
CELL_0075,2026-01-01 18:30:00,-86.7,29.2,10.1,191.5,0.9,52
CELL_0114,2026-01-02 04:15:00,-83.9,29.4,12.6,167.4,0.86,26
CELL_0599,2026-01-07 05:30:00,-98.0,11.4,34.5,76.6,2.2,146
CELL_0962,2026-01-11 00:15:00,-98.3,4.4,42.2,51.3,0.46,294
CELL_0391,2026-01-05 01:30:00,-97.6,19.3,24.8,86.8,2.48,122
CELL_0105,2026-01-02 02:00:00,-71.3,22.3,16.3,116.7,1.71,115
CELL_0115,2026-01-02 04:30:00,-86.8,22.2,12.2,160.0,1.29,71
CELL_0418,2026-01-05 08:15:00,-98.6,12.3,29.1,93.7,0.29,86
CELL_0526,2026-01-06 11:15:00,-97.4,15.1,21.5,88.0,1.94,82
CELL_0458,2026-01-05 18:15:00,-91.1,10.1,25.1,79.8,1.65,151
CELL_0410,2026-01-05 06:15:00,-96.1,12.8,20.6,93.0,2.05,96
CELL_0093,2026-01-01 23:00:00,-82.1,24.8,8.7,141.1,0.46,87
CELL_0931,2026-01-10 16:30:00,-102.8,15.2,46.1,50.0,4.65,250
CELL_0090,2026-01-01 22:15:00,-88.0,24.7,15.2,147.2,0.96,104
CELL_0337,2026-01-04 12:00:00,-97.0,17.2,24.9,61.1,2.17,219
CELL_0989,2026-01-11 07:00:00,-101.7,2.7,31.3,24.1,2.95,229
CELL_0922,2026-01-10 14:15:00,-95.6,19.9,45.7,18.0,5.0,212
CELL_0934,2026-01-10 17:15:00,-101.0,18.3,27.7,16.1,4.48,228
CELL_0606,2026-01-07 07:15:00,-93.2,15.4,29.5,93.2,1.39,81
CELL_0594,2026-01-07 04:15:00,-91.1,18.7,33.3,124.2,0.48,109
CELL_0612,2026-01-07 08:45:00,-97.9,14.4,34.6,89.3,1.47,203
CELL_0095,2026-01-01 23:30:00,-77.5,22.3,15.6,194.4,1.5,78
CELL_0012,2026-01-01 02:45:00,-87.3,26.7,5.2,135.2,0.57,88
CELL_0397,2026-01-05 03:00:00,-96.3,13.7,21.8,117.4,2.34,185
CELL_0534,2026-01-06 13:15:00,-101.6,14.3,27.2,91.1,1.52,200
CELL_0044,2026-01-01 10:45:00,-75.6,29.1,5.2,173.0,0.57,28
CELL_0043,2026-01-01 10:30:00,-77.6,21.3,12.1,190.9,1.5,56
CELL_0330,2026-01-04 10:15:00,-87.9,28.8,14.4,159.2,2.5,70
CELL_0168,2026-01-02 17:45:00,-72.6,23.5,11.6,113.7,2.05,61
CELL_0498,2026-01-06 04:15:00,-91.5,14.1,21.2,123.0,1.64,85
CELL_0877,2026-01-10 03:00:00,-111.6,19.3,22.1,64.4,2.18,222
CELL_0598,2026-01-07 05:15:00,-95.2,17.1,22.8,69.3,2.29,112
CELL_0757,2026-01-08 21:00:00,-91.8,8.0,31.5,71.1,1.66,206
CELL_0101,2026-01-02 01:00:00,-75.5,27.9,11.8,152.6,0.58,100
CELL_0427,2026-01-05 10:30:00,-94.0,20.0,21.6,123.0,0.51,125
CELL_0179,2026-01-02 20:30:00,-75.0,26.7,18.5,160.6,0.57,105
CELL_0445,2026-01-05 15:00:00,-99.4,19.5,24.8,72.0,2.01,124
CELL_0417,2026-01-05 08:00:00,-93.7,13.9,30.5,118.2,0.13,84
CELL_0871,2026-01-10 01:30:00,-110.0,19.9,30.2,84.2,1.78,297
CELL_0883,2026-01-10 04:30:00,-98.1,17.4,27.2,87.6,4.13,283
CELL_0681,2026-01-08 02:00:00,-95.2,4.4,34.7,49.9,2.92,259
CELL_0178,2026-01-02 20:15:00,-86.4,26.2,10.4,174.9,2.3,28
CELL_0396,2026-01-05 02:45:00,-97.0,16.5,21.3,107.0,2.83,208
CELL_0912,2026-01-10 11:45:00,-97.7,5.1,36.4,81.7,0.64,197
CELL_0794,2026-01-09 06:15:00,-91.1,12.3,43.9,81.3,4.3,288
CELL_0961,2026-01-11 00:00:00,-111.3,19.7,26.4,19.3,1.01,193
CELL_0685,2026-01-08 03:00:00,-114.3,10.3,25.8,63.8,0.94,257
CELL_0384,2026-01-04 23:45:00,-97.2,13.7,34.9,61.0,0.23,165
CELL_0957,2026-01-10 23:00:00,-99.6,2.1,33.5,33.6,0.67,272
CELL_0752,2026-01-08 19:45:00,-97.7,16.7,39.3,28.9,3.78,294
CELL_0258,2026-01-03 16:15:00,-85.5,21.4,11.0,123.7,1.3,54
CELL_0539,2026-01-06 14:30:00,-98.3,16.8,28.4,81.0,2.85,191
CELL_0336,2026-01-04 11:45:00,-101.0,14.2,30.9,105.7,0.04,218
CELL_0016,2026-01-01 03:45:00,-76.0,29.6,13.9,100.0,1.54,85
CELL_0325,2026-01-04 09:00:00,-87.0,27.0,9.7,174.9,1.16,75
CELL_0759,2026-01-08 21:30:00,-100.5,0.3,30.8,62.2,0.01,207
CELL_0223,2026-01-03 07:30:00,-72.1,24.5,13.8,174.3,1.44,88
CELL_0180,2026-01-02 20:45:00,-86.0,21.5,12.0,133.7,1.68,70
CELL_0984,2026-01-11 05:45:00,-93.9,2.9,22.7,16.1,1.16,288
CELL_0023,2026-01-01 05:30:00,-85.8,26.3,11.1,174.1,1.14,22
CELL_0357,2026-01-04 17:00:00,-102.8,17.1,23.1,120.6,0.08,158
CELL_0667,2026-01-07 22:30:00,-98.5,18.7,29.1,111.7,2.97,205
CELL_0862,2026-01-09 23:15:00,-109.7,19.1,38.2,66.6,0.52,231
CELL_0341,2026-01-04 13:00:00,-94.4,13.1,29.7,95.1,0.68,201
CELL_0432,2026-01-05 11:45:00,-97.9,18.6,24.3,86.9,2.96,89
CELL_0552,2026-01-06 17:45:00,-103.6,14.0,27.1,80.1,0.85,194
CELL_0834,2026-01-09 16:15:00,-100.4,4.4,38.4,48.3,1.2,185
CELL_0204,2026-01-03 02:45:00,-80.5,23.1,10.4,132.2,1.9,88
CELL_0631,2026-01-07 13:30:00,-96.5,10.7,34.8,120.7,2.39,218
CELL_0094,2026-01-01 23:15:00,-72.9,29.3,6.3,185.5,0.01,94
CELL_0559,2026-01-06 19:30:00,-94.7,11.9,28.1,51.9,2.29,94
CELL_0069,2026-01-01 17:00:00,-83.0,28.6,16.2,150.6,0.01,57
CELL_0623,2026-01-07 11:30:00,-97.1,10.4,30.3,53.0,2.61,124
CELL_0285,2026-01-03 23:00:00,-79.2,24.2,17.1,175.1,1.8,50
CELL_0845,2026-01-09 19:00:00,-102.6,6.0,34.5,71.8,2.44,251
CELL_0435,2026-01-05 12:30:00,-99.3,17.2,22.1,54.2,2.88,157
CELL_0154,2026-01-02 14:15:00,-81.5,27.3,14.6,100.6,2.3,80
CELL_0076,2026-01-01 18:45:00,-81.2,26.6,12.3,155.4,0.3,88
CELL_0731,2026-01-08 14:30:00,-111.7,19.2,22.7,39.5,1.69,280
CELL_0447,2026-01-05 15:30:00,-103.0,13.1,24.3,101.7,2.04,160
CELL_0189,2026-01-02 23:00:00,-72.4,22.3,11.3,153.3,2.05,37
CELL_0272,2026-01-03 19:45:00,-75.2,25.3,7.6,192.6,0.16,77
CELL_0237,2026-01-03 11:00:00,-70.2,26.5,18.0,110.1,0.78,66
CELL_0488,2026-01-06 01:45:00,-94.3,19.4,28.7,56.6,1.62,89
CELL_0118,2026-01-02 05:15:00,-84.1,27.2,10.2,119.0,2.16,74
CELL_0944,2026-01-10 19:45:00,-107.8,13.1,35.7,46.8,1.11,244
CELL_0513,2026-01-06 08:00:00,-92.5,16.3,20.9,122.7,2.74,141
CELL_0826,2026-01-09 14:15:00,-107.0,17.0,43.5,10.2,2.94,225
CELL_0592,2026-01-07 03:45:00,-102.0,11.1,33.4,62.2,2.18,83
CELL_0127,2026-01-02 07:30:00,-72.5,29.8,17.7,161.1,0.81,92
CELL_0117,2026-01-02 05:00:00,-75.0,22.1,6.0,151.0,0.94,45
CELL_0474,2026-01-05 22:15:00,-91.8,12.9,32.6,65.4,2.09,139
CELL_0694,2026-01-08 05:15:00,-100.0,2.3,47.7,18.4,2.36,244
CELL_0058,2026-01-01 14:15:00,-88.7,25.7,9.0,121.3,2.34,33
CELL_0864,2026-01-09 23:45:00,-98.7,16.3,42.3,27.2,4.8,265
CELL_0913,2026-01-10 12:00:00,-96.8,16.7,48.7,79.5,3.42,261
CELL_0370,2026-01-04 20:15:00,-96.9,14.8,32.1,55.4,1.39,195
CELL_0269,2026-01-03 19:00:00,-74.5,24.3,16.4,148.4,0.56,80
CELL_0047,2026-01-01 11:30:00,-73.0,23.7,17.1,146.7,0.71,31
CELL_0350,2026-01-04 15:15:00,-99.2,10.1,26.4,67.6,2.8,154
CELL_0196,2026-01-03 00:45:00,-79.1,27.3,15.0,101.0,1.37,104
CELL_1000,2026-01-11 09:45:00,-107.6,13.2,49.1,85.8,0.69,199
CELL_0835,2026-01-09 16:30:00,-96.1,7.7,39.4,20.4,1.07,284
CELL_0737,2026-01-08 16:00:00,-100.9,18.6,22.5,82.0,4.26,240
CELL_0264,2026-01-03 17:45:00,-86.5,25.4,18.5,111.1,2.29,64
CELL_0444,2026-01-05 14:45:00,-91.3,13.1,22.4,129.1,0.62,194
CELL_0676,2026-01-08 00:45:00,-114.6,14.8,46.2,87.9,1.22,257
CELL_0305,2026-01-04 04:00:00,-70.7,22.3,10.7,105.6,0.1,98
CELL_0342,2026-01-04 13:15:00,-96.1,17.4,28.7,51.0,2.71,135
CELL_0967,2026-01-11 01:30:00,-112.7,19.9,40.5,71.4,0.58,181
CELL_0150,2026-01-02 13:15:00,-84.2,26.2,6.3,100.9,1.78,67
CELL_0125,2026-01-02 07:00:00,-71.7,22.5,11.5,178.9,1.19,77
CELL_0787,2026-01-09 04:30:00,-119.1,17.2,34.9,20.8,0.69,207
CELL_0051,2026-01-01 12:30:00,-70.4,29.8,8.4,120.8,1.01,23
CELL_0354,2026-01-04 16:15:00,-101.1,19.1,30.8,94.3,0.28,151
CELL_0928,2026-01-10 15:45:00,-95.2,14.9,40.5,70.2,3.95,277
CELL_0143,2026-01-02 11:30:00,-71.4,24.6,12.7,180.1,1.98,75
CELL_0471,2026-01-05 21:30:00,-93.8,14.9,20.9,66.7,0.05,167
CELL_0400,2026-01-05 03:45:00,-98.7,10.9,31.7,83.9,0.31,194
CELL_0626,2026-01-07 12:15:00,-98.1,17.9,27.3,96.9,2.89,185
CELL_0321,2026-01-04 08:00:00,-88.0,28.0,15.5,173.4,1.58,78
CELL_0020,2026-01-01 04:45:00,-87.8,28.8,7.0,166.9,1.86,100
CELL_0810,2026-01-09 10:15:00,-109.1,12.6,20.9,55.8,0.87,207
CELL_0791,2026-01-09 05:30:00,-93.6,16.4,27.3,55.3,4.24,226
CELL_0809,2026-01-09 10:00:00,-104.0,19.3,41.6,71.3,3.63,284
CELL_0408,2026-01-05 05:45:00,-95.3,12.2,33.6,93.4,1.63,155
CELL_0538,2026-01-06 14:15:00,-102.3,20.0,26.4,103.4,2.84,104
CELL_0621,2026-01-07 11:00:00,-95.7,14.8,34.3,128.9,2.22,80
CELL_0039,2026-01-01 09:30:00,-80.2,27.9,14.9,124.3,1.11,76
CELL_0176,2026-01-02 19:45:00,-74.9,27.0,10.5,149.3,0.53,62
CELL_0246,2026-01-03 13:15:00,-70.6,21.4,14.0,163.0,1.46,61
CELL_0829,2026-01-09 15:00:00,-94.6,16.0,20.1,73.1,4.59,202
CELL_0668,2026-01-07 22:45:00,-96.4,18.1,40.6,73.0,4.23,248
CELL_0755,2026-01-08 20:30:00,-95.0,14.2,46.4,43.8,4.31,247
CELL_0859,2026-01-09 22:30:00,-119.2,13.9,24.3,16.2,1.5,262
CELL_0155,2026-01-02 14:30:00,-84.7,26.4,7.2,159.9,1.11,111
CELL_0288,2026-01-03 23:45:00,-86.0,28.3,15.5,153.6,1.26,21
CELL_0603,2026-01-07 06:30:00,-94.2,16.2,23.7,74.0,1.99,182
CELL_0570,2026-01-06 22:15:00,-102.3,10.3,35.0,74.1,1.93,125
CELL_0744,2026-01-08 17:45:00,-113.2,16.5,47.7,11.6,2.95,291
CELL_0018,2026-01-01 04:15:00,-78.6,26.7,5.4,132.2,2.39,24
CELL_0128,2026-01-02 07:45:00,-78.3,25.8,8.3,105.7,1.74,85
CELL_0323,2026-01-04 08:30:00,-87.6,29.1,5.5,133.8,0.43,20
CELL_0256,2026-01-03 15:45:00,-76.7,21.0,18.3,198.9,1.95,51
CELL_0658,2026-01-07 20:15:00,-97.2,11.1,21.1,55.6,1.53,190
CELL_0965,2026-01-11 01:00:00,-114.5,10.2,49.5,17.3,1.62,273
CELL_0191,2026-01-02 23:30:00,-87.2,23.1,14.5,137.3,0.91,34
CELL_0116,2026-01-02 04:45:00,-75.6,21.6,7.6,134.9,0.82,73
CELL_0617,2026-01-07 10:00:00,-93.4,17.9,26.5,61.8,0.65,144
CELL_0607,2026-01-07 07:30:00,-101.2,18.8,27.1,121.7,0.17,193
CELL_0181,2026-01-02 21:00:00,-78.3,29.2,12.5,131.1,1.94,108
CELL_0302,2026-01-04 03:15:00,-73.5,28.0,16.1,170.9,2.49,30
CELL_0760,2026-01-08 21:45:00,-92.5,4.2,49.9,59.3,1.51,222
CELL_0713,2026-01-08 10:00:00,-110.7,13.8,40.6,86.6,0.79,288
CELL_0724,2026-01-08 12:45:00,-112.8,12.8,45.7,86.5,0.29,192
CELL_0686,2026-01-08 03:15:00,-106.8,12.0,22.1,72.2,0.55,202
CELL_0980,2026-01-11 04:45:00,-111.2,17.1,38.6,86.7,1.4,208
CELL_0518,2026-01-06 09:15:00,-93.2,16.3,22.5,51.8,1.65,164
CELL_0985,2026-01-11 06:00:00,-101.3,15.9,38.4,86.5,3.99,296
CELL_0046,2026-01-01 11:15:00,-79.6,22.5,5.7,152.5,1.91,87
CELL_0910,2026-01-10 11:15:00,-98.8,0.8,28.4,22.5,1.38,259
CELL_0158,2026-01-02 15:15:00,-74.4,29.2,8.4,112.5,1.61,120
CELL_0852,2026-01-09 20:45:00,-94.0,18.1,48.6,85.3,3.55,232
CELL_0172,2026-01-02 18:45:00,-85.7,22.8,15.8,185.9,0.76,72
CELL_0017,2026-01-01 04:00:00,-82.3,21.8,11.1,100.9,1.34,29
CELL_0512,2026-01-06 07:45:00,-96.4,19.1,30.5,97.9,1.25,148
CELL_0049,2026-01-01 12:00:00,-76.9,24.5,16.2,144.9,0.15,75
CELL_0972,2026-01-11 02:45:00,-96.4,7.6,20.3,25.1,0.37,274
CELL_0941,2026-01-10 19:00:00,-94.8,1.8,21.2,55.8,2.28,282
CELL_0516,2026-01-06 08:45:00,-94.7,11.8,33.8,121.7,0.28,105
CELL_0953,2026-01-10 22:00:00,-102.8,17.6,49.2,36.1,4.21,225
CELL_0481,2026-01-06 00:00:00,-95.7,17.3,29.2,50.9,0.99,171
CELL_0284,2026-01-03 22:45:00,-70.4,24.7,12.4,181.6,1.39,100
CELL_0719,2026-01-08 11:30:00,-106.1,11.7,47.9,23.3,1.3,203
CELL_0878,2026-01-10 03:15:00,-106.2,13.4,41.0,62.6,0.34,250
CELL_0226,2026-01-03 08:15:00,-73.8,27.9,16.2,147.2,0.81,29
CELL_0027,2026-01-01 06:30:00,-87.2,29.4,8.4,188.6,0.66,25
CELL_0955,2026-01-10 22:30:00,-93.5,11.0,34.2,61.0,4.36,192
CELL_0438,2026-01-05 13:15:00,-101.6,19.5,25.8,75.3,0.64,131
CELL_0952,2026-01-10 21:45:00,-98.4,2.6,47.3,72.8,2.0,300
CELL_0365,2026-01-04 19:00:00,-92.9,15.2,32.9,50.6,2.7,126
CELL_0230,2026-01-03 09:15:00,-77.5,24.1,14.2,119.8,0.55,119
CELL_0038,2026-01-01 09:15:00,-73.4,23.9,18.2,105.2,0.97,33
CELL_0966,2026-01-11 01:15:00,-107.7,12.1,36.2,89.0,1.58,226
CELL_0375,2026-01-04 21:30:00,-101.2,10.8,20.8,100.1,0.5,104
CELL_0470,2026-01-05 21:15:00,-95.9,13.5,28.6,66.1,0.45,86
CELL_0968,2026-01-11 01:45:00,-112.6,10.4,36.5,19.2,2.68,253
CELL_0851,2026-01-09 20:30:00,-98.9,12.8,25.3,29.9,4.19,232
CELL_0705,2026-01-08 08:00:00,-94.9,5.7,23.1,24.4,1.96,230
CELL_0842,2026-01-09 18:15:00,-111.2,12.2,40.3,39.8,2.3,204
CELL_0195,2026-01-03 00:30:00,-87.6,27.9,16.7,110.1,1.18,45
CELL_0855,2026-01-09 21:30:00,-115.3,18.8,40.2,57.8,2.07,222
CELL_0865,2026-01-10 00:00:00,-110.6,17.9,39.9,33.8,1.74,239
CELL_0504,2026-01-06 05:45:00,-100.9,19.3,24.9,100.7,0.76,153
CELL_0970,2026-01-11 02:15:00,-100.2,11.9,37.9,63.8,3.7,262
CELL_0831,2026-01-09 15:30:00,-95.3,18.8,30.2,89.0,4.92,199
CELL_0580,2026-01-07 00:45:00,-95.2,17.9,22.4,81.1,1.07,135
CELL_0969,2026-01-11 02:00:00,-113.5,12.6,33.3,15.0,1.68,231
CELL_0163,2026-01-02 16:30:00,-80.9,21.9,11.9,191.0,1.55,99
CELL_0909,2026-01-10 11:00:00,-99.8,19.3,34.3,32.9,3.95,196
CELL_0153,2026-01-02 14:00:00,-73.7,24.3,7.3,199.3,0.92,118
CELL_0802,2026-01-09 08:15:00,-93.8,10.1,21.8,73.2,4.9,208
CELL_0994,2026-01-11 08:15:00,-110.8,12.1,36.0,67.5,0.46,226
CELL_0756,2026-01-08 20:45:00,-119.3,10.1,29.5,60.3,2.7,281
CELL_0112,2026-01-02 03:45:00,-75.8,27.0,5.5,112.7,1.12,106
CELL_0227,2026-01-03 08:30:00,-72.1,24.3,15.1,120.3,1.25,104
CELL_0689,2026-01-08 04:00:00,-113.4,18.9,31.1,66.3,0.24,300
CELL_0104,2026-01-02 01:45:00,-87.1,27.4,5.7,151.6,1.93,67
CELL_0422,2026-01-05 09:15:00,-97.1,17.0,26.3,80.1,1.98,195
CELL_0420,2026-01-05 08:45:00,-94.3,10.2,21.7,51.2,0.72,182
CELL_0751,2026-01-08 19:30:00,-94.1,13.9,35.9,65.6,4.29,201
CELL_0587,2026-01-07 02:30:00,-95.9,19.0,31.5,109.2,0.24,186
CELL_0781,2026-01-09 03:00:00,-92.7,6.8,43.0,78.7,0.44,247
CELL_0673,2026-01-08 00:00:00,-101.4,14.7,22.4,81.1,3.84,254
CELL_0120,2026-01-02 05:45:00,-88.2,21.5,18.1,194.7,0.98,113
CELL_0054,2026-01-01 13:15:00,-76.3,28.4,8.0,102.6,0.9,39
CELL_0152,2026-01-02 13:45:00,-85.1,25.1,7.0,177.8,1.37,114
CELL_0404,2026-01-05 04:45:00,-101.1,19.4,21.5,85.4,0.33,130
CELL_0946,2026-01-10 20:15:00,-95.0,13.0,22.1,56.3,4.22,267
CELL_0208,2026-01-03 03:45:00,-87.4,26.5,16.7,193.3,0.84,60
CELL_0659,2026-01-07 20:30:00,-100.7,11.3,24.8,104.3,2.53,109
CELL_0844,2026-01-09 18:45:00,-103.2,17.9,31.3,72.2,3.94,257
CELL_0763,2026-01-08 22:30:00,-117.9,19.7,47.2,69.7,1.8,276
CELL_0009,2026-01-01 02:00:00,-79.1,24.8,12.1,184.7,1.61,112
CELL_0808,2026-01-09 09:45:00,-103.2,2.7,40.2,16.9,2.64,297
CELL_0037,2026-01-01 09:00:00,-72.7,24.4,6.0,129.6,2.27,84
CELL_0453,2026-01-05 17:00:00,-97.0,19.1,30.3,74.8,0.05,216
CELL_0652,2026-01-07 18:45:00,-104.0,15.1,25.0,97.3,2.71,102
CELL_0254,2026-01-03 15:15:00,-70.7,27.0,11.0,170.6,2.39,42
CELL_0304,2026-01-04 03:45:00,-78.8,28.5,5.1,125.9,0.16,117
CELL_0747,2026-01-08 18:30:00,-102.1,13.4,22.4,11.3,3.61,258
CELL_0572,2026-01-06 22:45:00,-92.3,11.7,30.9,111.8,0.7,92
CELL_0624,2026-01-07 11:45:00,-96.3,13.0,20.5,95.3,2.03,100
CELL_0733,2026-01-08 15:00:00,-96.3,5.4,38.7,25.1,1.82,181
CELL_0892,2026-01-10 06:45:00,-96.0,12.7,49.6,18.0,4.99,259
CELL_0263,2026-01-03 17:30:00,-77.6,24.6,15.9,189.4,1.21,31
CELL_0611,2026-01-07 08:30:00,-100.2,13.2,31.3,106.5,1.38,176
CELL_0298,2026-01-04 02:15:00,-77.8,26.9,14.9,181.3,1.19,66
CELL_0415,2026-01-05 07:30:00,-93.8,10.2,29.9,65.6,0.27,188
CELL_0151,2026-01-02 13:30:00,-73.2,25.0,7.1,124.0,1.62,62
CELL_0789,2026-01-09 05:00:00,-103.0,15.4,35.1,20.4,3.49,252
CELL_0641,2026-01-07 16:00:00,-92.0,11.3,30.4,94.6,2.72,199
CELL_0890,2026-01-10 06:15:00,-99.5,13.6,28.4,54.2,4.0,188
CELL_0551,2026-01-06 17:30:00,-96.2,15.3,30.7,87.5,0.54,191
CELL_0887,2026-01-10 05:30:00,-103.0,9.0,46.9,26.0,2.95,278
CELL_0489,2026-01-06 02:00:00,-100.2,11.9,22.2,54.7,1.02,110
CELL_0148,2026-01-02 12:45:00,-86.6,28.3,15.2,185.1,0.29,83
CELL_0147,2026-01-02 12:30:00,-80.7,23.8,15.6,163.7,0.35,62
CELL_0721,2026-01-08 12:00:00,-106.7,14.9,30.4,68.0,2.84,183
CELL_0932,2026-01-10 16:45:00,-94.9,3.1,44.7,17.4,1.18,218
CELL_0740,2026-01-08 16:45:00,-91.5,4.1,23.3,65.0,1.89,204
CELL_0660,2026-01-07 20:45:00,-94.8,10.1,31.3,119.4,2.42,109
CELL_0349,2026-01-04 15:00:00,-103.2,17.2,24.3,50.9,2.55,115
CELL_0464,2026-01-05 19:45:00,-91.4,16.9,31.3,54.0,1.49,98
CELL_0326,2026-01-04 09:15:00,-70.2,22.8,6.1,111.4,0.59,49
CELL_0187,2026-01-02 22:30:00,-78.5,27.2,15.3,149.8,1.2,105
CELL_0124,2026-01-02 06:45:00,-73.1,22.9,8.4,147.6,0.55,59
CELL_0854,2026-01-09 21:15:00,-101.6,16.6,31.3,13.5,3.4,261
CELL_0609,2026-01-07 08:00:00,-98.6,13.6,29.9,108.5,1.51,142
CELL_0144,2026-01-02 11:45:00,-71.5,30.0,6.1,126.8,1.4,54
CELL_0959,2026-01-10 23:30:00,-107.8,17.7,35.8,16.4,0.49,205
CELL_0198,2026-01-03 01:15:00,-85.9,28.8,14.0,130.3,0.65,77
CELL_0610,2026-01-07 08:15:00,-95.9,15.2,34.5,111.4,0.64,165
CELL_0280,2026-01-03 21:45:00,-88.8,27.2,7.7,134.3,2.3,54
CELL_0294,2026-01-04 01:15:00,-72.1,27.2,16.1,132.8,0.95,22
CELL_0401,2026-01-05 04:00:00,-94.0,19.3,30.0,51.2,1.38,206
CELL_0123,2026-01-02 06:30:00,-82.9,25.2,8.2,175.4,0.09,80
CELL_0184,2026-01-02 21:45:00,-75.4,21.2,5.3,193.4,0.14,28
CELL_0203,2026-01-03 02:30:00,-74.2,28.1,11.4,107.2,1.18,51
CELL_0439,2026-01-05 13:30:00,-96.2,18.3,24.4,66.6,0.24,106
CELL_0247,2026-01-03 13:30:00,-84.2,25.6,9.7,166.7,1.65,80
CELL_0416,2026-01-05 07:45:00,-100.3,11.5,24.8,107.8,0.97,156
CELL_0933,2026-01-10 17:00:00,-115.8,11.1,20.7,66.6,0.43,236
CELL_0766,2026-01-08 23:15:00,-103.5,18.9,45.8,47.3,4.05,254
CELL_0907,2026-01-10 10:30:00,-94.8,2.4,35.1,15.2,2.96,239
CELL_0836,2026-01-09 16:45:00,-99.3,5.8,25.5,53.9,2.13,268
CELL_0888,2026-01-10 05:45:00,-115.8,19.2,29.0,60.9,0.31,292
CELL_0130,2026-01-02 08:15:00,-84.5,27.3,16.3,197.8,1.46,90
CELL_0638,2026-01-07 15:15:00,-93.7,12.4,28.1,76.1,1.05,130
CELL_0403,2026-01-05 04:30:00,-95.3,11.1,34.8,67.6,0.26,182
CELL_0785,2026-01-09 04:00:00,-117.5,19.1,37.5,36.1,1.94,183
CELL_0771,2026-01-09 00:30:00,-96.1,18.8,28.7,59.4,3.12,249
CELL_0736,2026-01-08 15:45:00,-108.8,18.9,40.9,23.2,2.48,259
CELL_0914,2026-01-10 12:15:00,-92.5,18.5,20.5,11.9,4.95,266
CELL_0220,2026-01-03 06:45:00,-73.1,21.1,17.3,124.2,2.37,105
CELL_0642,2026-01-07 16:15:00,-98.7,13.3,29.2,106.7,1.46,92
CELL_0916,2026-01-10 12:45:00,-98.3,4.5,42.0,50.0,0.82,192
CELL_0753,2026-01-08 20:00:00,-97.1,3.5,42.5,89.8,0.88,220
CELL_0807,2026-01-09 09:30:00,-112.1,18.1,20.1,29.5,1.46,203
CELL_0920,2026-01-10 13:45:00,-106.3,17.3,32.2,58.8,1.9,243
CELL_0625,2026-01-07 12:00:00,-91.7,15.4,32.2,84.7,0.54,192
CELL_0875,2026-01-10 02:30:00,-120.0,18.0,35.6,67.9,0.09,188
CELL_0761,2026-01-08 22:00:00,-97.2,1.8,42.5,48.3,0.91,207
CELL_0387,2026-01-05 00:30:00,-98.8,16.2,32.2,110.6,2.51,170
CELL_0973,2026-01-11 03:00:00,-92.5,4.5,40.1,60.9,1.65,181
CELL_0510,2026-01-06 07:15:00,-103.6,12.7,30.5,72.1,0.32,178
CELL_0268,2026-01-03 18:45:00,-85.5,24.7,15.1,173.2,1.31,59
CELL_0820,2026-01-09 12:45:00,-91.4,2.0,46.4,70.9,1.72,208
CELL_0442,2026-01-05 14:15:00,-94.2,10.6,28.9,85.7,1.67,129
CELL_0497,2026-01-06 04:00:00,-102.1,18.1,27.9,93.0,0.81,161
CELL_0113,2026-01-02 04:00:00,-73.1,24.9,16.7,134.8,1.62,36
CELL_0692,2026-01-08 04:45:00,-115.8,17.1,43.3,50.7,2.6,185
CELL_0233,2026-01-03 10:00:00,-78.4,24.9,6.1,132.6,0.98,103
CELL_0870,2026-01-10 01:15:00,-94.0,13.6,33.9,68.6,4.67,269
CELL_0608,2026-01-07 07:45:00,-93.1,16.7,33.6,80.2,1.74,128
CELL_0672,2026-01-07 23:45:00,-100.1,6.0,41.7,46.4,2.32,196
CELL_0374,2026-01-04 21:15:00,-97.4,13.0,28.6,61.0,0.53,132
CELL_0982,2026-01-11 05:15:00,-115.3,19.8,32.0,37.1,1.02,230
CELL_0843,2026-01-09 18:30:00,-91.0,6.1,21.0,17.2,0.86,289
CELL_0234,2026-01-03 10:15:00,-78.1,24.1,9.3,146.8,1.91,83
CELL_0786,2026-01-09 04:15:00,-106.9,13.9,31.7,79.8,2.3,290
CELL_0677,2026-01-08 01:00:00,-102.6,7.0,25.6,54.5,0.59,217
CELL_0318,2026-01-04 07:15:00,-72.1,25.1,13.5,128.8,2.01,92
CELL_0649,2026-01-07 18:00:00,-94.5,16.5,28.2,87.3,1.0,190
CELL_0411,2026-01-05 06:30:00,-95.1,10.2,25.0,123.4,2.47,85
CELL_0899,2026-01-10 08:30:00,-95.0,15.9,40.0,79.5,3.32,291
CELL_0710,2026-01-08 09:15:00,-110.1,10.2,37.0,58.0,0.41,212
CELL_0359,2026-01-04 17:30:00,-97.6,18.1,20.3,120.4,2.11,132
CELL_0259,2026-01-03 16:30:00,-77.4,21.6,13.9,153.6,0.04,113
CELL_0745,2026-01-08 18:00:00,-119.0,17.5,30.1,41.3,1.47,272
CELL_0628,2026-01-07 12:45:00,-97.9,18.2,31.0,76.4,0.28,95
CELL_0633,2026-01-07 14:00:00,-94.3,19.2,32.6,62.2,0.35,131
CELL_0283,2026-01-03 22:30:00,-82.5,24.4,15.9,117.1,0.85,44
CELL_0377,2026-01-04 22:00:00,-103.4,10.8,34.8,118.7,1.49,120
CELL_0385,2026-01-05 00:00:00,-92.1,10.5,23.2,109.8,1.74,155
CELL_0225,2026-01-03 08:00:00,-83.0,25.5,18.7,153.7,1.8,38
CELL_0954,2026-01-10 22:15:00,-100.9,4.4,38.8,74.0,1.25,246
CELL_0815,2026-01-09 11:30:00,-101.2,10.4,49.6,68.9,3.45,253
CELL_0473,2026-01-05 22:00:00,-93.4,15.3,24.1,55.3,0.59,165
CELL_0348,2026-01-04 14:45:00,-94.4,18.3,26.0,98.8,2.79,172
CELL_0506,2026-01-06 06:15:00,-102.9,13.1,27.6,102.5,1.27,139
CELL_0640,2026-01-07 15:45:00,-97.0,19.2,24.1,97.5,2.83,211
CELL_0988,2026-01-11 06:45:00,-95.3,7.6,22.5,23.2,2.37,229
CELL_0929,2026-01-10 16:00:00,-102.4,15.9,25.0,33.2,4.77,258
CELL_0906,2026-01-10 10:15:00,-118.1,12.6,27.1,78.5,0.19,241
CELL_0620,2026-01-07 10:45:00,-99.0,18.5,28.4,70.8,1.84,150
CELL_0856,2026-01-09 21:45:00,-91.4,7.9,42.0,49.7,1.35,213
CELL_0804,2026-01-09 08:45:00,-93.4,19.2,34.8,58.4,4.61,193
CELL_0646,2026-01-07 17:15:00,-103.1,14.4,20.2,124.4,2.59,81
CELL_0847,2026-01-09 19:30:00,-99.3,12.3,22.5,67.3,4.11,240
CELL_0557,2026-01-06 19:00:00,-97.9,17.9,25.8,67.0,1.04,148
CELL_0958,2026-01-10 23:15:00,-102.2,5.7,24.1,36.9,0.73,209
CELL_0578,2026-01-07 00:15:00,-99.7,15.4,31.7,53.2,0.7,187
CELL_0796,2026-01-09 06:45:00,-108.0,16.9,48.5,62.6,2.29,198
CELL_0086,2026-01-01 21:15:00,-85.8,21.4,8.1,182.9,1.12,44
CELL_0243,2026-01-03 12:30:00,-80.3,24.7,5.3,192.2,1.04,83
CELL_0699,2026-01-08 06:30:00,-107.1,15.1,37.9,50.8,1.95,192
CELL_0160,2026-01-02 15:45:00,-76.4,28.1,6.1,174.1,1.1,103
CELL_0525,2026-01-06 11:00:00,-91.8,12.3,30.4,112.7,0.61,220
CELL_0036,2026-01-01 08:45:00,-81.7,28.3,16.8,137.5,0.66,42
CELL_0541,2026-01-06 15:00:00,-95.4,13.4,27.1,112.8,1.01,113
CELL_0171,2026-01-02 18:30:00,-88.2,26.6,18.4,177.4,0.85,33
CELL_0655,2026-01-07 19:30:00,-93.1,13.7,27.5,78.7,1.43,116
CELL_0891,2026-01-10 06:30:00,-102.0,8.3,34.9,19.2,0.78,266
CELL_0858,2026-01-09 22:15:00,-100.0,19.3,31.9,44.8,4.63,274
CELL_0848,2026-01-09 19:45:00,-103.3,8.0,21.9,71.5,0.74,274
CELL_0945,2026-01-10 20:00:00,-92.2,14.5,35.9,77.0,3.58,295
CELL_0734,2026-01-08 15:15:00,-96.4,4.9,21.1,87.7,0.07,285
CELL_0096,2026-01-01 23:45:00,-71.7,23.2,16.2,155.1,0.07,57
CELL_0564,2026-01-06 20:45:00,-94.0,17.3,24.4,126.3,1.66,82
CELL_0241,2026-01-03 12:00:00,-75.9,25.1,5.6,128.4,2.21,89
CELL_0743,2026-01-08 17:30:00,-94.8,3.1,47.9,44.9,2.79,186
CELL_0575,2026-01-06 23:30:00,-93.7,18.4,23.4,118.9,2.7,200
CELL_0691,2026-01-08 04:30:00,-96.0,4.6,44.9,41.8,1.99,242
CELL_0461,2026-01-05 19:00:00,-94.4,10.7,25.8,102.5,1.03,140
CELL_0554,2026-01-06 18:15:00,-102.2,17.1,32.2,127.2,2.08,97
CELL_0889,2026-01-10 06:00:00,-97.0,8.8,23.8,27.2,1.23,235
CELL_0207,2026-01-03 03:30:00,-70.3,27.5,6.7,187.7,0.35,51
CELL_0393,2026-01-05 02:00:00,-101.4,19.2,26.0,78.7,2.58,148
CELL_0795,2026-01-09 06:30:00,-116.5,12.7,46.2,68.6,1.73,269
CELL_0398,2026-01-05 03:15:00,-92.0,12.7,29.4,122.3,0.14,173
CELL_0767,2026-01-08 23:30:00,-99.6,10.3,22.4,19.2,3.39,274
CELL_0849,2026-01-09 20:00:00,-93.8,14.6,30.1,55.8,3.18,266
CELL_0218,2026-01-03 06:15:00,-73.2,26.2,7.7,146.0,0.42,90
CELL_0005,2026-01-01 01:00:00,-86.3,28.1,5.3,191.1,1.43,53
CELL_0769,2026-01-09 00:00:00,-103.2,5.5,35.7,75.7,1.61,184
CELL_0643,2026-01-07 16:30:00,-93.2,16.3,25.6,100.7,2.88,86
CELL_0930,2026-01-10 16:15:00,-103.9,6.0,41.8,36.0,0.4,186
CELL_0613,2026-01-07 09:00:00,-96.4,13.8,24.6,97.4,0.11,94
CELL_0739,2026-01-08 16:30:00,-117.7,15.4,32.6,71.9,0.13,280
CELL_0547,2026-01-06 16:30:00,-93.6,19.6,30.1,88.3,2.18,103
CELL_0726,2026-01-08 13:15:00,-93.3,6.7,30.8,66.2,2.3,201
CELL_0684,2026-01-08 02:45:00,-94.4,6.6,22.1,75.6,0.97,206
CELL_0099,2026-01-02 00:30:00,-77.9,25.4,10.2,142.1,0.44,33
CELL_0805,2026-01-09 09:00:00,-96.4,10.7,43.1,66.1,4.11,219
CELL_0728,2026-01-08 13:45:00,-94.2,10.8,29.2,27.0,4.0,208
CELL_0574,2026-01-06 23:15:00,-99.1,13.2,29.8,127.2,0.15,110
CELL_0407,2026-01-05 05:30:00,-94.0,12.6,34.0,59.2,1.9,154
CELL_0503,2026-01-06 05:30:00,-97.9,19.2,21.5,73.5,1.68,216
CELL_0048,2026-01-01 11:45:00,-87.0,26.5,12.8,180.7,1.3,28
CELL_0033,2026-01-01 08:00:00,-71.9,28.1,13.5,149.4,1.74,35
CELL_0780,2026-01-09 02:45:00,-103.1,19.6,27.0,43.0,3.99,195
CELL_0840,2026-01-09 17:45:00,-114.5,18.5,37.3,19.3,3.0,186
CELL_0201,2026-01-03 02:00:00,-71.6,29.3,13.6,153.3,1.4,61
CELL_0135,2026-01-02 09:30:00,-86.0,24.0,14.3,116.1,0.1,51
CELL_0028,2026-01-01 06:45:00,-71.2,21.7,7.8,119.9,2.49,22
CELL_0881,2026-01-10 04:00:00,-99.2,0.7,40.7,38.5,0.7,238
CELL_0231,2026-01-03 09:30:00,-73.2,28.7,15.9,192.5,0.5,53
CELL_0490,2026-01-06 02:15:00,-102.2,15.9,22.2,129.2,0.45,110
CELL_0773,2026-01-09 01:00:00,-97.2,12.6,36.7,12.4,4.85,249
CELL_0379,2026-01-04 22:30:00,-91.7,14.0,34.1,77.6,2.29,83
CELL_0289,2026-01-04 00:00:00,-77.6,25.7,6.8,167.2,0.99,95
CELL_0419,2026-01-05 08:30:00,-98.7,11.7,33.3,54.5,0.34,136
CELL_0675,2026-01-08 00:30:00,-96.6,13.6,49.1,34.5,3.63,264
CELL_0392,2026-01-05 01:45:00,-97.3,18.4,22.9,55.0,2.88,161
CELL_0593,2026-01-07 04:00:00,-103.1,12.9,26.0,81.9,0.54,151
CELL_0499,2026-01-06 04:30:00,-97.6,13.0,25.8,98.2,2.94,98
CELL_0139,2026-01-02 10:30:00,-77.3,23.8,11.0,160.1,2.29,38
CELL_0063,2026-01-01 15:30:00,-86.4,21.4,11.2,181.2,0.52,50
CELL_0472,2026-01-05 21:45:00,-95.8,11.0,32.5,83.6,2.41,206
CELL_0648,2026-01-07 17:45:00,-98.2,16.8,28.4,77.5,2.33,184
CELL_0129,2026-01-02 08:00:00,-80.6,26.5,13.5,177.7,0.44,86
CELL_0977,2026-01-11 04:00:00,-97.6,11.0,42.4,62.4,3.19,195
CELL_0521,2026-01-06 10:00:00,-92.6,12.1,22.2,80.7,1.67,191
CELL_0839,2026-01-09 17:30:00,-119.7,15.8,20.1,10.0,2.92,234
CELL_0963,2026-01-11 00:30:00,-97.7,8.5,36.5,81.0,0.87,237
CELL_0065,2026-01-01 16:00:00,-76.3,24.1,8.2,106.1,1.38,34
CELL_0813,2026-01-09 11:00:00,-95.1,17.3,30.7,52.2,3.69,189
CELL_0015,2026-01-01 03:30:00,-81.8,25.2,5.1,145.6,0.05,65
CELL_0157,2026-01-02 15:00:00,-88.0,21.2,6.9,127.1,1.23,105
CELL_0041,2026-01-01 10:00:00,-82.6,21.4,6.7,142.8,1.24,36
CELL_0493,2026-01-06 03:00:00,-96.1,14.6,21.5,80.1,1.5,190
CELL_0380,2026-01-04 22:45:00,-102.7,15.0,28.2,93.6,0.72,156
CELL_0188,2026-01-02 22:45:00,-77.2,22.0,6.5,106.4,1.86,104
CELL_0764,2026-01-08 22:45:00,-113.1,13.6,31.5,65.7,0.26,229
CELL_0217,2026-01-03 06:00:00,-83.4,29.7,17.3,142.3,2.11,105
CELL_0792,2026-01-09 05:45:00,-99.6,12.2,35.4,82.5,4.61,206
CELL_0053,2026-01-01 13:00:00,-72.2,28.7,14.8,192.7,0.76,56
CELL_0879,2026-01-10 03:30:00,-98.0,11.0,45.1,41.5,3.67,282
CELL_0338,2026-01-04 12:15:00,-91.8,17.2,25.3,75.9,0.0,145
CELL_0749,2026-01-08 19:00:00,-111.1,13.4,34.4,37.4,2.55,187
CELL_0720,2026-01-08 11:45:00,-108.0,13.7,41.7,78.0,1.93,289
CELL_0725,2026-01-08 13:00:00,-96.7,0.7,34.7,30.4,2.13,180
CELL_0296,2026-01-04 01:45:00,-75.5,29.8,18.6,144.4,1.19,103
CELL_0702,2026-01-08 07:15:00,-106.5,18.0,35.7,75.9,2.85,266
CELL_0252,2026-01-03 14:45:00,-86.8,22.6,11.9,114.4,1.68,66
CELL_0727,2026-01-08 13:30:00,-98.0,13.3,49.1,66.4,4.88,194
CELL_0462,2026-01-05 19:15:00,-93.3,17.2,33.7,109.4,0.54,92
CELL_0456,2026-01-05 17:45:00,-104.0,14.5,32.9,66.7,1.77,99
CELL_0997,2026-01-11 09:00:00,-97.5,16.2,46.1,11.2,4.69,281
CELL_0816,2026-01-09 11:45:00,-96.4,6.9,28.5,35.2,1.41,296
CELL_0863,2026-01-09 23:30:00,-95.9,4.2,32.0,48.1,0.79,224
CELL_0270,2026-01-03 19:15:00,-82.6,24.4,8.9,123.8,1.92,47
CELL_0202,2026-01-03 02:15:00,-72.2,26.7,17.2,157.5,0.72,45
CELL_0162,2026-01-02 16:15:00,-80.3,27.7,13.7,105.5,0.37,118
CELL_0556,2026-01-06 18:45:00,-98.4,12.3,22.4,87.4,1.77,181
CELL_0730,2026-01-08 14:15:00,-115.3,12.7,22.5,45.1,1.27,202
CELL_0402,2026-01-05 04:15:00,-96.4,10.7,20.0,108.2,1.55,123
CELL_0703,2026-01-08 07:30:00,-115.2,11.1,34.7,10.4,1.07,262
CELL_0477,2026-01-05 23:00:00,-91.7,10.1,26.6,108.1,2.98,176
CELL_0822,2026-01-09 13:15:00,-92.5,8.6,45.3,88.4,0.41,284
CELL_0772,2026-01-09 00:45:00,-118.4,12.5,26.8,42.1,1.25,274
CELL_0106,2026-01-02 02:15:00,-73.6,27.9,17.3,150.9,1.64,118
CELL_0566,2026-01-06 21:15:00,-103.0,17.0,27.9,119.0,2.59,121
CELL_0390,2026-01-05 01:15:00,-93.8,18.4,21.4,74.4,1.26,178
CELL_0002,2026-01-01 00:15:00,-81.8,26.1,9.8,105.2,0.34,91
CELL_0938,2026-01-10 18:15:00,-117.9,12.3,44.3,17.1,2.87,277
CELL_0983,2026-01-11 05:30:00,-95.4,11.1,31.9,63.7,4.19,240
CELL_0562,2026-01-06 20:15:00,-92.1,18.2,25.9,64.2,2.12,92
CELL_0081,2026-01-01 20:00:00,-86.5,28.6,7.4,126.7,0.42,69
CELL_0206,2026-01-03 03:15:00,-79.0,25.0,6.8,148.0,1.07,105
CELL_0035,2026-01-01 08:30:00,-82.2,27.9,9.8,175.4,2.05,43
CELL_0776,2026-01-09 01:45:00,-101.8,5.6,39.4,32.2,0.94,291
CELL_0509,2026-01-06 07:00:00,-101.9,15.5,21.9,74.3,2.16,113
CELL_0428,2026-01-05 10:45:00,-103.5,12.5,33.9,103.3,0.57,185
CELL_0455,2026-01-05 17:30:00,-103.5,16.6,24.0,125.1,2.44,188
CELL_0367,2026-01-04 19:30:00,-96.3,12.9,21.2,95.8,1.36,134
CELL_0092,2026-01-01 22:45:00,-84.9,26.9,14.0,178.2,1.65,58
CELL_0340,2026-01-04 12:45:00,-102.1,11.2,26.4,106.1,2.58,220
CELL_0898,2026-01-10 08:15:00,-94.4,11.6,20.8,87.0,4.05,223
CELL_0565,2026-01-06 21:00:00,-103.3,11.8,26.3,90.5,0.23,159
CELL_0346,2026-01-04 14:15:00,-93.2,13.2,34.3,54.9,1.42,144
CELL_0777,2026-01-09 02:00:00,-107.0,12.4,34.7,67.8,0.94,255
CELL_0242,2026-01-03 12:15:00,-81.1,26.6,12.8,189.4,0.54,93
CELL_0014,2026-01-01 03:15:00,-77.0,23.1,11.8,117.8,2.48,76
CELL_0316,2026-01-04 06:45:00,-73.0,28.0,10.1,147.8,1.84,81
CELL_0601,2026-01-07 06:00:00,-93.7,16.1,29.8,79.4,2.62,175
CELL_0388,2026-01-05 00:45:00,-102.8,19.9,32.7,120.1,0.83,111
CELL_0274,2026-01-03 20:15:00,-71.4,26.9,6.5,189.5,2.28,29
CELL_0167,2026-01-02 17:30:00,-77.2,28.4,5.5,167.8,2.2,100
CELL_0841,2026-01-09 18:00:00,-118.9,18.7,40.3,78.2,1.45,223
CELL_0993,2026-01-11 08:00:00,-98.6,14.8,41.1,69.2,4.22,207
CELL_0647,2026-01-07 17:30:00,-93.6,11.7,26.0,112.6,0.49,155
CELL_0819,2026-01-09 12:30:00,-97.3,2.9,44.3,81.4,0.26,283
CELL_0485,2026-01-06 01:00:00,-95.3,15.7,31.8,62.7,2.29,209
CELL_0981,2026-01-11 05:00:00,-103.4,16.3,32.3,65.3,3.44,262
CELL_0505,2026-01-06 06:00:00,-95.5,18.0,30.5,110.3,2.06,194
CELL_0832,2026-01-09 15:45:00,-113.5,19.2,44.3,71.8,0.57,281
CELL_0244,2026-01-03 12:45:00,-88.0,24.0,12.3,103.2,1.2,100
CELL_0567,2026-01-06 21:30:00,-103.6,15.1,25.9,55.8,0.68,194
CELL_0876,2026-01-10 02:45:00,-92.9,16.2,39.2,76.7,4.46,279
CELL_0563,2026-01-06 20:30:00,-92.4,18.6,22.3,64.1,0.01,184
CELL_0687,2026-01-08 03:30:00,-95.5,14.5,30.7,54.3,4.5,292
CELL_0190,2026-01-02 23:15:00,-84.3,23.2,6.2,197.0,1.92,59
CELL_0783,2026-01-09 03:30:00,-94.9,17.2,23.7,13.6,4.74,209
CELL_0700,2026-01-08 06:45:00,-103.3,17.6,30.3,60.8,3.48,260
CELL_0476,2026-01-05 22:45:00,-97.0,14.3,28.6,58.1,1.8,128
CELL_0682,2026-01-08 02:15:00,-112.9,13.2,28.3,86.7,1.9,267
CELL_0511,2026-01-06 07:30:00,-98.3,12.5,30.9,62.2,1.56,145
CELL_0059,2026-01-01 14:30:00,-79.3,29.0,6.3,166.4,1.84,119
CELL_0475,2026-01-05 22:30:00,-101.2,19.9,21.6,57.8,1.61,131
CELL_0561,2026-01-06 20:00:00,-103.8,11.3,23.6,86.7,0.81,148
CELL_0857,2026-01-09 22:00:00,-118.6,13.7,27.0,22.3,2.49,212
CELL_0748,2026-01-08 18:45:00,-99.2,0.9,43.1,62.8,1.09,288
CELL_0253,2026-01-03 15:00:00,-75.6,26.7,14.3,121.5,0.19,34
CELL_0022,2026-01-01 05:15:00,-74.3,24.5,6.8,197.5,1.29,100
CELL_0314,2026-01-04 06:15:00,-85.4,26.1,9.9,107.1,0.51,117
CELL_0460,2026-01-05 18:45:00,-95.2,10.9,22.9,90.7,1.02,179
CELL_0161,2026-01-02 16:00:00,-83.3,21.8,10.1,196.4,0.69,118
CELL_0277,2026-01-03 21:00:00,-81.9,26.2,17.6,167.3,0.24,48
CELL_0956,2026-01-10 22:45:00,-93.6,6.4,45.0,73.7,2.3,243
CELL_0192,2026-01-02 23:45:00,-84.5,29.3,5.2,106.3,1.85,55
CELL_0386,2026-01-05 00:15:00,-98.3,16.7,34.6,89.6,0.19,116
CELL_0806,2026-01-09 09:15:00,-113.2,18.2,46.2,72.7,1.71,246
CELL_0414,2026-01-05 07:15:00,-100.5,19.4,20.3,87.9,2.46,183
CELL_0492,2026-01-06 02:45:00,-99.9,10.4,20.1,79.7,0.55,193
CELL_0344,2026-01-04 13:45:00,-102.3,16.9,34.7,93.8,0.97,142
CELL_0770,2026-01-09 00:15:00,-102.3,4.2,42.0,44.9,2.59,214
CELL_0309,2026-01-04 05:00:00,-82.8,23.2,6.0,193.4,1.49,75
CELL_0662,2026-01-07 21:15:00,-91.6,16.9,32.1,61.6,2.25,171
CELL_0131,2026-01-02 08:30:00,-87.8,25.2,13.9,113.5,0.42,109
CELL_0664,2026-01-07 21:45:00,-97.3,11.5,24.2,88.4,1.49,84
CELL_0872,2026-01-10 01:45:00,-116.0,18.1,46.2,21.8,2.19,231
CELL_0100,2026-01-02 00:45:00,-70.4,26.6,8.2,138.4,0.34,106
CELL_0373,2026-01-04 21:00:00,-96.0,14.1,22.0,75.6,2.01,185
CELL_0088,2026-01-01 21:45:00,-71.0,28.8,6.3,104.3,1.34,59
CELL_0459,2026-01-05 18:30:00,-101.1,16.1,23.8,66.9,1.76,198
CELL_0331,2026-01-04 10:30:00,-74.0,25.6,7.3,111.7,0.97,25
CELL_0215,2026-01-03 05:30:00,-80.7,28.3,9.4,177.0,1.95,112
CELL_0467,2026-01-05 20:30:00,-101.3,13.4,27.9,59.1,1.66,141
CELL_0122,2026-01-02 06:15:00,-79.5,21.3,7.9,128.7,1.76,39
CELL_0615,2026-01-07 09:30:00,-95.9,18.6,27.4,50.4,1.82,122
CELL_0021,2026-01-01 05:00:00,-87.9,25.7,12.5,114.6,1.64,57
CELL_0701,2026-01-08 07:00:00,-94.4,2.7,25.2,20.4,2.41,269
CELL_0072,2026-01-01 17:45:00,-82.2,28.0,9.0,189.0,2.46,40
CELL_0107,2026-01-02 02:30:00,-70.3,25.5,5.1,115.6,0.88,106
CELL_0271,2026-01-03 19:30:00,-75.6,24.1,18.0,199.5,2.32,74
CELL_0861,2026-01-09 23:00:00,-100.0,2.7,47.4,24.8,0.6,290
CELL_0436,2026-01-05 12:45:00,-94.4,18.9,27.5,124.5,0.53,151
CELL_0103,2026-01-02 01:30:00,-71.8,27.9,18.6,133.8,1.2,50
